-- phpMyAdmin SQL Dump
-- version 4.7.4
-- https://www.phpmyadmin.net/
--
-- Host: localhost
-- Generation Time: Aug 12, 2018 at 06:53 AM
-- Server version: 10.1.28-MariaDB
-- PHP Version: 7.1.10

SET SQL_MODE = "NO_AUTO_VALUE_ON_ZERO";
SET AUTOCOMMIT = 0;
START TRANSACTION;
SET time_zone = "+00:00";


/*!40101 SET @OLD_CHARACTER_SET_CLIENT=@@CHARACTER_SET_CLIENT */;
/*!40101 SET @OLD_CHARACTER_SET_RESULTS=@@CHARACTER_SET_RESULTS */;
/*!40101 SET @OLD_COLLATION_CONNECTION=@@COLLATION_CONNECTION */;
/*!40101 SET NAMES utf8mb4 */;

--
-- Database: `PokeLookUp`
--

-- --------------------------------------------------------

--
-- Table structure for table `Evolution`
--

CREATE TABLE `Evolution` (
  `EvolutionID` int(11) NOT NULL,
  `evo1` varchar(255) DEFAULT NULL,
  `evo2` varchar(255) DEFAULT NULL,
  `evo3` varchar(255) DEFAULT NULL,
  `evo4` varchar(255) DEFAULT NULL,
  `evo5` varchar(255) DEFAULT NULL
) ENGINE=InnoDB DEFAULT CHARSET=latin1;

--
-- Dumping data for table `Evolution`
--

INSERT INTO `Evolution` (`EvolutionID`, `evo1`, `evo2`, `evo3`, `evo4`, `evo5`) VALUES
(1, '1', '2', '3', '4', ''),
(2, '5', '6', '7', '8', '9'),
(3, '10', '11', '12', '13', ''),
(4, '14', '15', '16', '', ''),
(5, '17', '18', '19', '20', ''),
(6, '21', '22', '23', '24', ''),
(7, '25', '26', '', '', ''),
(8, '27', '28', '', '', ''),
(9, '29', '30', '', '', ''),
(10, '31', '32', '', '', ''),
(11, '33', '34', '', '', ''),
(12, '35', '36', '37', '', ''),
(13, '38', '39', '40', '', ''),
(14, '41', '42', '', '', ''),
(15, '43', '44', '', '', ''),
(16, '45', '46', '', '', ''),
(17, '47', '48', '', '', ''),
(18, '49', '50', '51', '', ''),
(19, '52', '53', '', '', ''),
(20, '54', '55', '', '', ''),
(21, '56', '57', '', '', ''),
(22, '58', '59', '', '', ''),
(23, '60', '61', '', '', ''),
(24, '62', '63', '', '', ''),
(25, '64', '65', '', '', ''),
(26, '66', '67', '68', '', ''),
(27, '69', '70', '71', '72', ''),
(28, '73', '74', '75', '', ''),
(29, '76', '77', '78', '', ''),
(30, '79', '80', '', '', ''),
(31, '81', '82', '83', '', ''),
(32, '84', '85', '', '', ''),
(33, '86', '87', '88', '', ''),
(34, '89', '90', '', '', ''),
(35, '91', '', '', '', ''),
(36, '92', '93', '', '', ''),
(37, '94', '95', '', '', ''),
(38, '96', '97', '', '', ''),
(39, '98', '99', '', '', ''),
(40, '100', '101', '102', '103', ''),
(41, '104', '', '', '', ''),
(42, '105', '106', '', '', ''),
(43, '107', '108', '', '', ''),
(44, '109', '110', '', '', ''),
(45, '111', '112', '', '', ''),
(46, '113', '114', '', '', ''),
(47, '115', '', '', '', ''),
(48, '116', '', '', '', ''),
(49, '117', '', '', '', ''),
(50, '118', '119', '', '', ''),
(51, '120', '121', '', '', ''),
(52, '122', '', '', '', ''),
(53, '123', '', '', '', ''),
(54, '124', '125', '', '', ''),
(55, '126', '127', '', '', ''),
(56, '128', '129', '', '', ''),
(57, '130', '131', '', '', ''),
(58, '132', '', '', '', ''),
(59, '133', '', '', '', ''),
(60, '134', '', '', '', ''),
(61, '135', '', '', '', ''),
(62, '136', '', '', '', ''),
(63, '137', '138', '', '', ''),
(64, '139', '', '', '', ''),
(65, '140', '141', '142', '', ''),
(66, '143', '', '', '', ''),
(67, '144', '', '', '', ''),
(68, '145', '146', '147', '148', ''),
(69, '149', '', '', '', ''),
(70, '150', '151', '', '', ''),
(71, '152', '153', '', '', ''),
(72, '154', '155', '', '', ''),
(73, '156', '', '', '', ''),
(74, '157', '', '', '', ''),
(75, '158', '', '', '', ''),
(76, '159', '', '', '', ''),
(77, '160', '161', '162', '', ''),
(78, '163', '164', '165', '', ''),
(79, '166', '', '', '', '');

-- --------------------------------------------------------

--
-- Table structure for table `Legendary`
--

CREATE TABLE `Legendary` (
  `PokemonID` int(11) DEFAULT NULL,
  `Legendary` varchar(255) DEFAULT NULL
) ENGINE=InnoDB DEFAULT CHARSET=latin1;

--
-- Dumping data for table `Legendary`
--

INSERT INTO `Legendary` (`PokemonID`, `Legendary`) VALUES
(1, 'No'),
(2, 'No'),
(3, 'No'),
(4, 'No'),
(5, 'No'),
(6, 'No'),
(7, 'No'),
(8, 'No'),
(9, 'No'),
(10, 'No'),
(11, 'No'),
(12, 'No'),
(13, 'No'),
(14, 'No'),
(15, 'No'),
(16, 'No'),
(17, 'No'),
(18, 'No'),
(19, 'No'),
(20, 'No'),
(21, 'No'),
(22, 'No'),
(23, 'No'),
(24, 'No'),
(25, 'No'),
(26, 'No'),
(27, 'No'),
(28, 'No'),
(29, 'No'),
(30, 'No'),
(31, 'No'),
(32, 'No'),
(33, 'No'),
(34, 'No'),
(35, 'No'),
(36, 'No'),
(37, 'No'),
(38, 'No'),
(39, 'No'),
(40, 'No'),
(41, 'No'),
(42, 'No'),
(43, 'No'),
(44, 'No'),
(45, 'No'),
(46, 'No'),
(47, 'No'),
(48, 'No'),
(49, 'No'),
(50, 'No'),
(51, 'No'),
(52, 'No'),
(53, 'No'),
(54, 'No'),
(55, 'No'),
(56, 'No'),
(57, 'No'),
(58, 'No'),
(59, 'No'),
(60, 'No'),
(61, 'No'),
(62, 'No'),
(63, 'No'),
(64, 'No'),
(65, 'No'),
(66, 'No'),
(67, 'No'),
(68, 'No'),
(69, 'No'),
(70, 'No'),
(71, 'No'),
(72, 'No'),
(73, 'No'),
(74, 'No'),
(75, 'No'),
(76, 'No'),
(77, 'No'),
(78, 'No'),
(79, 'No'),
(80, 'No'),
(81, 'No'),
(82, 'No'),
(83, 'No'),
(84, 'No'),
(85, 'No'),
(86, 'No'),
(87, 'No'),
(88, 'No'),
(89, 'No'),
(90, 'No'),
(91, 'No'),
(92, 'No'),
(93, 'No'),
(94, 'No'),
(95, 'No'),
(96, 'No'),
(97, 'No'),
(98, 'No'),
(99, 'No'),
(100, 'No'),
(101, 'No'),
(102, 'No'),
(103, 'No'),
(104, 'No'),
(105, 'No'),
(106, 'No'),
(107, 'No'),
(108, 'No'),
(109, 'No'),
(110, 'No'),
(111, 'No'),
(112, 'No'),
(113, 'No'),
(114, 'No'),
(115, 'No'),
(116, 'No'),
(117, 'No'),
(118, 'No'),
(119, 'No'),
(120, 'No'),
(121, 'No'),
(122, 'No'),
(123, 'No'),
(124, 'No'),
(125, 'No'),
(126, 'No'),
(127, 'No'),
(128, 'No'),
(129, 'No'),
(130, 'No'),
(131, 'No'),
(132, 'No'),
(133, 'No'),
(134, 'No'),
(135, 'No'),
(136, 'No'),
(137, 'No'),
(138, 'No'),
(139, 'No'),
(140, 'No'),
(141, 'No'),
(142, 'No'),
(143, 'No'),
(144, 'No'),
(145, 'No'),
(146, 'No'),
(147, 'No'),
(148, 'No'),
(149, 'No'),
(150, 'No'),
(151, 'No'),
(152, 'No'),
(153, 'No'),
(154, 'No'),
(155, 'No'),
(156, 'Yes'),
(157, 'Yes'),
(158, 'Yes'),
(159, 'No'),
(160, 'No'),
(161, 'No'),
(162, 'No'),
(163, 'Yes'),
(164, 'Yes'),
(165, 'Yes'),
(166, 'Yes');

-- --------------------------------------------------------

--
-- Table structure for table `Message`
--

CREATE TABLE `Message` (
  `UserName` varchar(255) NOT NULL,
  `Message` varchar(255) NOT NULL,
  `PokemonName` varchar(255) NOT NULL
) ENGINE=InnoDB DEFAULT CHARSET=latin1;

--
-- Dumping data for table `Message`
--

INSERT INTO `Message` (`UserName`, `Message`, `PokemonName`) VALUES
('Sarah', 'i love this pokemon', 'Bulbasaur'),
('david', 'i love this pokemon', 'Ekans'),
('david', 'i want bulbasaur', 'Bulbasaur'),
('Fred', 'i want bulbasaur', 'Bulbasaur'),
('Ryan', 'This Pokemon is a Beast', 'Mega Charizard X'),
('Henry', 'i finally evolved wartutle into this beast', 'Blastoise'),
('Henry', 'i finally evolved wartutle into this beast', 'Blastoise'),
('Sam', 'i want this pokemon', 'Blastoise'),
('Ash', 'Pikachu I choose you', 'Pikachu'),
('Ken', 'cool pokemon', 'Magnemite'),
('david', 'i want bulbasaur', 'Bulbasaur'),
('oliver', 'i love this pokemon', 'Bulbasaur'),
('Fred', 'i love this pokemon', 'Caterpie'),
('oliver', 'i want this pokemon', 'Caterpie'),
('Nathan', 'anyone wanna trade with me? i have a shiny butterfree', 'Butterfree'),
('Neil', 'i want a vapreon', 'Eevee');

-- --------------------------------------------------------

--
-- Table structure for table `Places`
--

CREATE TABLE `Places` (
  `PokemonID` int(11) NOT NULL,
  `Place` varchar(255) DEFAULT NULL
) ENGINE=InnoDB DEFAULT CHARSET=latin1;

--
-- Dumping data for table `Places`
--

INSERT INTO `Places` (`PokemonID`, `Place`) VALUES
(1, 'Pallet town, Cerlean city in Pokemon Yellow only'),
(2, 'Evolve from Bulbasaur'),
(3, 'Evolve from Ivysaur'),
(4, 'Evolve from Venusaur'),
(5, 'Pallet town, Cerlean city in Pokemon Yellow only'),
(6, 'Evolve from Charmander'),
(7, 'Evolve from Charmeleon'),
(8, 'Evolve from Charizard in Pokemon X'),
(9, 'Evolve from Charizard in Pokemon Y'),
(10, 'Pallet town, Cerlean city in Pokemon Yellow only'),
(11, 'Evolve from Squirtle'),
(12, 'Evolve from Wartortle'),
(13, 'Evolve from Blastoise'),
(14, 'Route 2,Route 24,Route 25, Viridian forest'),
(15, 'Route 2,Route 24,Route 25, Viridian forest'),
(16, 'Evolve from Metapod'),
(17, 'Route 2, Route 24,Route 25, Viridian forest'),
(18, 'Route 2, Route 24,Route 25, Viridian forest'),
(19, 'Evolve from Kakuna'),
(20, 'Evolve from Beedrill'),
(21, 'Route 1, Route 2, Route 3, Route 5, Route 6, Route 7, Route 8, Route 11, Route 12, Route 13, Route, 14, Route 15, Route21, Route 24, Route 25, Viridian forest'),
(22, 'Route 5, Route 6, Route 7, Route 8, Route 11, Route 12, Route 13, Route 14, Route 15, Route 21, Route 24, Route 25 Viridian forest'),
(23, 'Evolve from Pidgeotto'),
(24, 'Evolve from Pidgeot'),
(25, 'Route 1, Route 2, Route 3, Route 4, Route 5, Route 6, Route 7, Route 8, Route 9, Route 10, Route 11, Route 16, Route 18, Route 21, Route 22, Pokemon mansion'),
(26, 'Route 9, Route 10, Route 11, Route 16, Route 17, Route 18, Route 21, Pokemon mansion'),
(27, 'Route 3, Route 4, Route 9, Route 10, Route 16, Route 17, Route 18, Route 22, Route 23'),
(28, 'Route 9, Route 16, Route 17, Route 18, Route 23'),
(29, 'Route 4, Route 8, Route 9, Route 10, Route 11, Route 23'),
(30, 'Route 23, Cerulean cave'),
(31, 'Power palnt, Viridian forest'),
(32, 'Cerulean cave, Power plant'),
(33, 'Route 3, Route 4, Route 8, Route 9, Route 10, Route 23, Mt moon'),
(34, 'Route 23, Cerulean cave'),
(35, 'Route 2, Route 5, Route 9, Route 22, Safari zone, Underground path 5-6'),
(36, 'Route 11, Celadon city, Safari zone'),
(37, 'Evolve from Nidorina'),
(38, 'Route 2, Route 5, Route 9, Route 22, Safari zone, Underground path 5-6'),
(39, 'Route 11, Celadon city, Safari zone'),
(40, 'Evolve from Nidorino'),
(41, 'Celadon city, Mt moon'),
(42, 'Evolve from Clefairy'),
(43, 'Route 7, Route 8, Pokemon mansion'),
(44, 'Evolve from Vulpix'),
(45, 'Route 3, Route 5, Route 6, Route 7, Route 8, '),
(46, 'Evolve from Jigglypuff'),
(47, 'Mt moon, Rock tunnel, Seafoam islands, Victory Road'),
(48, 'Cerulean cave, Seafoam islands, Victory road'),
(49, 'Route 5, Route 6, Route 7, Route 12, Route 13, Route 14, Route 15, Route 24, Route 25'),
(50, 'Route 12, Route 13, Route 14, Route 15, Cerulean cave'),
(51, 'Evolve from Gloom'),
(52, 'Mt moon, Safari zone'),
(53, 'Route 18, Mt moon, Safari zone'),
(54, 'Route 12, Route 13, Route 14, Route 15, Route 24, Route 25, Safari zone'),
(55, 'Route 14, Route 15, Cerulean Cave, Safari Zone, Victory Road'),
(56, 'Diglett\'s cave'),
(57, 'Route 11, Diglett\'s cave'),
(58, 'Route 5, Route 6, Route 7, Route 8'),
(59, 'Evolve from Meowth'),
(60, 'Route 6, Route 24, Route 25, Seafoam Islands, Safari Zone'),
(61, 'Route 6, Seafoam islands'),
(62, 'Route 3, Route 4, Route 5, Route 6, Route 7, Route 8, Route 22, Route 23'),
(63, 'Route 23'),
(64, 'Route 7, Route 8, Pokemon mansion'),
(65, 'Evolve from Growlithe'),
(66, 'Route 6, Route 10, Route 11, Route 12, Route 13, Route 17, Route 18, Route 19, Route 20, Route 21, Route 22, Route 23, Route 24, Route 25, Celadon City, Cerulean Cave, Fuchsia City, Pallet Town, Seafoam Islands, Vermilion City, Viridian City, Safari Zone'),
(67, 'Route 10, Route 22, Route 23, Celadon City'),
(68, 'Evolve from Poliwhirl'),
(69, 'Route 5, Route 6, Route 7, Route 8, Route 24, Route 25, Celadon City'),
(70, 'Route 8, Cerulean Cave'),
(71, 'Evolve from Kadabra'),
(72, 'Evolve from Alakazam'),
(73, 'Route 10, Rock Tunnel, Victory Road'),
(74, 'Route 5, Victory Road, Underground Path 5-6'),
(75, 'Evolve from Machoke'),
(76, 'Route 5, Route 6, Route 7, Route 12, Route 13, Route 14, Route 15, Route 24, Route 25'),
(77, 'Route 12, Route 13, Route 14, Route 15, Cerulean Cave'),
(78, 'Evolve from Weepinbell'),
(79, 'Route 11, Route 12, Route 13, Route 17, Route 18, Route 19, Route 20, Route 21, Pallet Town, Seafoam Islands, Vermilion City, Viridian City'),
(80, 'Route 19, Route 20, Route 21'),
(81, 'Mt moon, Rock Tunnel, '),
(82, 'Cerulean Cave, Victory Road'),
(83, 'Evolve from Graveler'),
(84, 'Pokemon Mansion, Route 17'),
(85, 'Evolve Ponyta'),
(86, 'Route 10, Route 12, Route 13, Celadon City, Seafoam Islands, Safari Zone'),
(87, 'Route 23, Cerulean Cave, Seafoam Islands, Route 12, Route 13'),
(88, 'Evolve slowbro'),
(89, 'Route 10, Power Plant'),
(90, 'Cerulean Cave, Power Plant'),
(91, 'Vermilion City, Route 12, Route 13'),
(92, 'Route 16, 17, 18, Safari Zone'),
(93, 'Cerulean Cave, Route 17'),
(94, 'Cinnabar Island, Seafoam Islands'),
(95, 'Cinnabar Island, Seafoam Islands'),
(96, 'Power Plant, Pokémon Mansion'),
(97, 'Cinnabar Island, Power Plant, Pokémon Mansion'),
(98, 'Route 6, Route 11, Route 19, Route 20, Route 21, Seafoam Islands, Vermilion City, Route 6, Route 11, Route 19, Route 20, Route 21, Seafoam Islands, Vermilion City'),
(99, 'Evolve Shellder'),
(100, 'Pokemon Tower'),
(101, 'Pokemon Tower'),
(102, 'Evolve Gastly/Haunter'),
(103, 'Evolves From Gengar'),
(104, 'Rock Tunnel, Victory Road'),
(105, 'Route 11'),
(106, 'Cerulean Cave or Evolve Drowzee'),
(107, 'Route 6, Route 11, Route 12, Route 13, Route 17, Route 18, Route 24, Route 25, Fuchsia City, Vermilion City, Safari Zone, Seafoam Islands'),
(108, 'Route 23, Cerulean Cave, Route 10, Route 25, Seafoam Islands'),
(109, 'Route 10, Power Plant'),
(110, 'Cerulean Cave, Cinnabar Island, or Evolve Voltorb'),
(111, 'Safari Zone'),
(112, 'Evolve Exeggcute'),
(113, 'Pokemon Tower, Safari Zone'),
(114, 'Cerulean Cave, Victory Road, Safari Zone'),
(115, 'Saffron City'),
(116, 'Saffron City'),
(117, 'Route 18, Cerulean Cave'),
(118, 'Pokemon Mansion'),
(119, 'Pokemon Mansion'),
(120, 'Cerulean Cave, Safari Zone'),
(121, 'Cerulean Cave, Cinnabar Island'),
(122, 'Cerulean Cave, Safari Zone'),
(123, 'Route 21, Cinnabar Island, Safari Zone'),
(124, 'Safari Zone'),
(125, 'Evolve Kangaskhan'),
(126, 'Route 19, Route 20, Route 21, Seafoam Islands, Route 10, Route 11, Route 12, Route 13, Vermilion City'),
(127, 'Route 23, Cerulean Cave, Seafoam Islands, Route 23, Cerulean Cave, Route 12, Route 13'),
(128, 'Route 6, Route 10, Route 11, Route 12, Route 13, Route 17, Route 18, Route 19, Route 20, Route 21, Route 22, Route 23, Route 24, Route 25, Celadon City, Cerulean Cave, Fuchsia City, Pallet Town, Seafoam Islands, Vermilion City, Viridian City, Safari Zone'),
(129, 'Route 23, Cerulean Cave, Fuchsia City, Route 24, Cerulean Cave'),
(130, 'Route 19, 20, 21, Pallet Town, Seafoam Islands, Vermilion City'),
(131, 'Evolve Staryu'),
(132, 'Route 2'),
(133, 'Celadon City, Safari Zone'),
(134, 'Cerulean City'),
(135, 'Power Plant'),
(136, 'Pokémon Mansion'),
(137, 'Celadon City, Safari Zone'),
(138, 'Evolve Pinsir'),
(139, 'Safari Zone'),
(140, 'Route 4, Route 6, Route 10, Route 11, Route 12, Route 13, Route 17, Route 18, Route 19, Route 20, Route 21, Route 22, Route 23, Route 24, Route 25, Celadon City, Cerulean Cave, Fuchsia City, Pallet Town, Seafoam Islands, Vermilion City, Viridian City, Saf'),
(141, 'Fuchsia City'),
(142, 'Evolve Gyarados'),
(143, 'Silph Co'),
(144, 'Route 13, Route 14, Route 15, Route 23, Cerulean Cave, Pokémon Mansion'),
(145, 'Celadon City'),
(146, 'Evolve Eevee'),
(147, 'Evolve Eevee'),
(148, 'Evolve Eevee'),
(149, 'Celadon City'),
(150, 'Cinnabar Island'),
(151, 'Evolve Omanyte'),
(152, 'Cinnabar Island'),
(153, 'Evolve Kabuto'),
(154, 'Cinnabar Island'),
(155, 'Evolve Aerodactyl'),
(156, 'Route 12, Route 16'),
(157, 'Seafoam Islands'),
(158, 'Power Plant'),
(159, 'Victory Road'),
(160, 'Celadon City, Safari Zone'),
(161, 'Safari Zone'),
(162, 'Evolve Dragonair'),
(163, 'Cerulean Cave'),
(164, 'Evolve Mewtwo'),
(165, 'Evolve Mewtwo'),
(166, 'So rare that it is still said to be a mirage by many experts');

-- --------------------------------------------------------

--
-- Table structure for table `Pokemon`
--

CREATE TABLE `Pokemon` (
  `PokemonID` int(3) NOT NULL,
  `PokemonName` varchar(16) DEFAULT NULL,
  `DexNumber` int(3) DEFAULT NULL,
  `BaseHP` int(3) DEFAULT NULL,
  `BaseAtk` int(3) DEFAULT NULL,
  `BaseDef` int(3) DEFAULT NULL,
  `BaseSpA` int(3) DEFAULT NULL,
  `BaseSpD` int(3) DEFAULT NULL,
  `BaseSpe` int(3) DEFAULT NULL,
  `Type1` varchar(8) DEFAULT NULL,
  `Type2` varchar(7) DEFAULT NULL,
  `ImagePath` varchar(14) DEFAULT NULL,
  `EvolutionID` int(11) NOT NULL
) ENGINE=InnoDB DEFAULT CHARSET=utf8;

--
-- Dumping data for table `Pokemon`
--

INSERT INTO `Pokemon` (`PokemonID`, `PokemonName`, `DexNumber`, `BaseHP`, `BaseAtk`, `BaseDef`, `BaseSpA`, `BaseSpD`, `BaseSpe`, `Type1`, `Type2`, `ImagePath`, `EvolutionID`) VALUES
(1, 'Bulbasaur', 1, 45, 49, 49, 65, 65, 45, 'Grass', 'Poison', '1.png', 1),
(2, 'Ivysaur', 2, 60, 62, 63, 80, 80, 60, 'Grass', 'Poison', '2.png', 1),
(3, 'Venusaur', 3, 80, 82, 83, 100, 100, 80, 'Grass', 'Poison', '3.png', 1),
(4, 'Mega Venusaur', 3, 80, 100, 123, 122, 120, 80, 'Grass', 'Poison', '3-mega.png', 1),
(5, 'Charmander', 4, 39, 52, 43, 60, 50, 65, 'Fire', '', '4.png', 2),
(6, 'Charmeleon', 5, 58, 64, 58, 80, 65, 80, 'Fire', '', '5.png', 2),
(7, 'Charizard', 6, 78, 84, 78, 109, 85, 100, 'Fire', 'Flying', '6.png', 2),
(8, 'Mega Charizard X', 6, 78, 130, 111, 130, 85, 100, 'Fire', 'Dragon', '6-mega-x.png', 2),
(9, 'Mega Charizard Y', 6, 78, 104, 78, 159, 115, 100, 'Fire', 'Flying', '6-mega-y.png', 2),
(10, 'Squirtle', 7, 44, 48, 65, 50, 64, 43, 'Water', '', '7.png', 3),
(11, 'Wartortle', 8, 59, 63, 80, 65, 80, 58, 'Water', '', '8.png', 3),
(12, 'Blastoise', 9, 79, 83, 100, 85, 105, 78, 'Water', '', '9.png', 3),
(13, 'Mega Blastoise', 9, 79, 103, 120, 135, 115, 78, 'Water', '', '9-mega.png', 3),
(14, 'Caterpie', 10, 45, 30, 35, 20, 20, 45, 'Bug', '', '10.png', 4),
(15, 'Metapod', 11, 50, 20, 55, 25, 25, 30, 'Bug', '', '11.png', 4),
(16, 'Butterfree', 12, 60, 45, 50, 90, 80, 70, 'Bug', 'Flying', '12.png', 4),
(17, 'Weedle', 13, 40, 35, 30, 20, 20, 50, 'Bug', 'Poison', '13.png', 5),
(18, 'Kakuna', 14, 45, 25, 50, 25, 25, 35, 'Bug', 'Poison', '14.png', 5),
(19, 'Beedrill', 15, 65, 90, 40, 45, 80, 75, 'Bug', 'Poison', '15.png', 5),
(20, 'Mega Beedrill', 15, 65, 150, 40, 15, 80, 145, 'Bug', 'Poison', '15-mega.png', 5),
(21, 'Pidgey', 16, 40, 45, 40, 35, 35, 56, 'Normal', 'Flying', '16.png', 6),
(22, 'Pidgeotto', 17, 63, 60, 55, 50, 50, 71, 'Normal', 'Flying', '17.png', 6),
(23, 'Pidgeot', 18, 83, 80, 75, 70, 70, 101, 'Normal', 'Flying', '18.png', 6),
(24, 'Mega Pidgeot', 18, 83, 80, 80, 135, 80, 121, 'Normal', 'Flying', '18-mega.png', 6),
(25, 'Rattata', 19, 30, 56, 35, 25, 35, 72, 'Normal', '', '19.png', 7),
(26, 'Raticate', 20, 55, 81, 60, 50, 70, 97, 'Normal', '', '20.png', 7),
(27, 'Spearow', 21, 40, 60, 30, 31, 31, 70, 'Normal', 'Flying', '21.png', 8),
(28, 'Fearow', 22, 65, 90, 65, 61, 61, 100, 'Normal', 'Flying', '22.png', 8),
(29, 'Ekans', 23, 35, 60, 44, 40, 54, 55, 'Poison', '', '23.png', 9),
(30, 'Arbok', 24, 60, 85, 69, 65, 79, 80, 'Poison', '', '24.png', 9),
(31, 'Pikachu', 25, 35, 55, 40, 50, 50, 90, 'Electric', '', '25.png', 10),
(32, 'Raichu', 26, 60, 90, 55, 90, 80, 110, 'Electric', '', '26.png', 10),
(33, 'Sandshrew', 27, 50, 75, 85, 20, 30, 40, 'Ground', '', '27.png', 11),
(34, 'Sandslash', 28, 75, 100, 110, 45, 55, 65, 'Ground', '', '28.png', 11),
(35, 'Nidoran-F', 29, 55, 47, 52, 40, 40, 41, 'Poison', '', '29.png', 12),
(36, 'Nidorina', 30, 70, 62, 67, 55, 55, 56, 'Poison', '', '30.png', 12),
(37, 'Nidoqueen', 31, 90, 92, 87, 75, 85, 76, 'Poison', 'Ground', '31.png', 12),
(38, 'Nidoran-M', 32, 46, 57, 40, 40, 40, 50, 'Poison', '', '32.png', 13),
(39, 'Nidorino', 33, 61, 72, 57, 55, 55, 65, 'Poison', '', '33.png', 13),
(40, 'Nidoking', 34, 81, 102, 77, 85, 75, 85, 'Poison', 'Ground', '34.png', 13),
(41, 'Clefairy', 35, 70, 45, 48, 60, 65, 35, 'Fairy', '', '35.png', 14),
(42, 'Clefable', 36, 95, 70, 73, 95, 90, 60, 'Fairy', '', '36.png', 14),
(43, 'Vulpix', 37, 38, 41, 40, 50, 65, 65, 'Fire', '', '37.png', 15),
(44, 'Ninetales', 38, 73, 76, 75, 81, 100, 100, 'Fire', '', '38.png', 15),
(45, 'Jigglypuff', 39, 115, 45, 20, 45, 25, 20, 'Normal', 'Fairy', '39.png', 16),
(46, 'Wigglytuff', 40, 140, 70, 45, 85, 50, 45, 'Normal', 'Fairy', '40.png', 16),
(47, 'Zubat', 41, 40, 45, 35, 30, 40, 55, 'Poison', 'Flying', '41.png', 17),
(48, 'Golbat', 42, 75, 80, 70, 65, 75, 90, 'Poison', 'Flying', '42.png', 17),
(49, 'Oddish', 43, 45, 50, 55, 75, 65, 30, 'Grass', 'Poison', '43.png', 18),
(50, 'Gloom', 44, 60, 65, 70, 85, 75, 40, 'Grass', 'Poison', '44.png', 18),
(51, 'Vileplume', 45, 75, 80, 85, 110, 90, 50, 'Grass', 'Poison', '45.png', 18),
(52, 'Paras', 46, 35, 70, 55, 45, 55, 25, 'Bug', 'Grass', '46.png', 19),
(53, 'Parasect', 47, 60, 95, 80, 60, 80, 30, 'Bug', 'Grass', '47.png', 29),
(54, 'Venonat', 48, 60, 55, 50, 40, 55, 45, 'Bug', 'Poison', '48.png', 20),
(55, 'Venomoth', 49, 70, 65, 60, 90, 75, 90, 'Bug', 'Poison', '49.png', 20),
(56, 'Diglett', 50, 10, 55, 25, 35, 45, 95, 'Ground', '', '50.png', 21),
(57, 'Dugtrio', 51, 35, 80, 50, 50, 70, 120, 'Ground', '', '51.png', 21),
(58, 'Meowth', 52, 40, 45, 35, 40, 40, 90, 'Normal', '', '52.png', 22),
(59, 'Persian', 53, 65, 70, 60, 65, 65, 115, 'Normal', '', '53.png', 22),
(60, 'Psyduck', 54, 50, 52, 48, 65, 50, 55, 'Water', '', '54.png', 23),
(61, 'Golduck', 55, 80, 82, 78, 95, 80, 85, 'Water', '', '55.png', 23),
(62, 'Mankey', 56, 40, 80, 35, 35, 45, 70, 'Fight', '', '56.png', 24),
(63, 'Primeape', 57, 65, 105, 60, 60, 70, 95, 'Fight', '', '57.png', 24),
(64, 'Growlithe', 58, 55, 70, 45, 70, 50, 60, 'Fire', '', '58.png', 25),
(65, 'Arcanine', 59, 90, 110, 80, 100, 80, 95, 'Fire', '', '59.png', 25),
(66, 'Poliwag', 60, 40, 50, 40, 40, 40, 90, 'Water', '', '60.png', 26),
(67, 'Poliwhirl', 61, 65, 65, 65, 50, 50, 90, 'Water', '', '61.png', 26),
(68, 'Poliwrath', 62, 90, 95, 95, 70, 90, 70, 'Water', 'Fight', '62.png', 26),
(69, 'Abra', 63, 25, 20, 15, 105, 55, 90, 'Psychic', '', '63.png', 27),
(70, 'Kadabra', 64, 40, 35, 30, 120, 70, 105, 'Psychic', '', '64.png', 27),
(71, 'Alakazam', 65, 55, 50, 45, 135, 95, 120, 'Psychic', '', '65.png', 27),
(72, 'Mega Alakazam', 65, 55, 50, 65, 175, 95, 150, 'Psychic', '', '65-mega.png', 27),
(73, 'Machop', 66, 70, 80, 50, 35, 35, 35, 'Fight', '', '66.png', 28),
(74, 'Machoke', 67, 80, 100, 70, 50, 60, 45, 'Fight', '', '67.png', 28),
(75, 'Machamp', 68, 90, 130, 80, 65, 85, 55, 'Fight', '', '68.png', 28),
(76, 'Bellsprout', 69, 50, 75, 35, 70, 30, 40, 'Grass', 'Poison', '69.png', 29),
(77, 'Weepinbell', 70, 65, 90, 50, 85, 45, 55, 'Grass', 'Poison', '70.png', 29),
(78, 'Victreebel', 71, 80, 105, 65, 100, 70, 70, 'Grass', 'Poison', '71.png', 29),
(79, 'Tentacool', 72, 40, 40, 35, 50, 100, 70, 'Water', 'Poison', '72.png', 30),
(80, 'Tentacruel', 73, 80, 70, 65, 80, 120, 100, 'Water', 'Poison', '73.png', 30),
(81, 'Geodude', 74, 40, 80, 100, 30, 30, 20, 'Rock', 'Ground', '74.png', 31),
(82, 'Graveler', 75, 55, 95, 115, 45, 45, 35, 'Rock', 'Ground', '75.png', 31),
(83, 'Golem', 76, 80, 120, 130, 55, 65, 45, 'Rock', 'Ground', '76.png', 31),
(84, 'Ponyta', 77, 50, 85, 55, 65, 65, 90, 'Fire', '', '77.png', 32),
(85, 'Rapidash', 78, 65, 100, 70, 80, 80, 105, 'Fire', '', '78.png', 32),
(86, 'Slowpoke', 79, 90, 65, 65, 40, 40, 15, 'Water', 'Psychic', '79.png', 33),
(87, 'Slowbro', 80, 95, 75, 110, 100, 80, 30, 'Water', 'Psychic', '80.png', 33),
(88, 'Mega Slowbro', 80, 95, 75, 180, 130, 80, 30, 'Water', 'Psychic', '80-mega.png', 33),
(89, 'Magnemite', 81, 25, 35, 70, 95, 55, 45, 'Electric', 'Steel', '81.png', 34),
(90, 'Magneton', 82, 50, 60, 95, 120, 70, 70, 'Electric', 'Steel', '82.png', 34),
(91, 'Farfetch\'d', 83, 52, 65, 55, 58, 62, 60, 'Normal', 'Flying', '83.png', 35),
(92, 'Doduo', 84, 35, 85, 45, 35, 35, 75, 'Normal', 'Flying', '84.png', 36),
(93, 'Dodrio', 85, 60, 110, 70, 60, 60, 100, 'Normal', 'Flying', '85.png', 36),
(94, 'Seel', 86, 65, 45, 55, 45, 70, 45, 'Water', '', '86.png', 37),
(95, 'Dewgong', 87, 90, 70, 80, 70, 95, 70, 'Water', 'Ice', '87.png', 37),
(96, 'Grimer', 88, 80, 80, 50, 40, 50, 25, 'Poison', '', '88.png', 38),
(97, 'Muk', 89, 105, 105, 75, 65, 100, 50, 'Poison', '', '89.png', 38),
(98, 'Shellder', 90, 30, 65, 100, 45, 25, 40, 'Water', '', '90.png', 39),
(99, 'Cloyster', 91, 50, 95, 180, 85, 45, 70, 'Water', 'Ice', '91.png', 39),
(100, 'Gastly', 92, 30, 35, 30, 100, 35, 80, 'Ghost', 'Poison', '92.png', 40),
(101, 'Haunter', 93, 45, 50, 45, 115, 55, 95, 'Ghost', 'Poison', '93.png', 40),
(102, 'Gengar', 94, 60, 65, 60, 130, 75, 110, 'Ghost', 'Poison', '94.png', 40),
(103, 'Mega Gengar', 94, 60, 65, 80, 170, 95, 130, 'Ghost', 'Poison', '94-mega.png', 40),
(104, 'Onix', 95, 35, 45, 160, 30, 45, 70, 'Rock', 'Ground', '95.png', 41),
(105, 'Drowzee', 96, 60, 48, 45, 43, 90, 42, 'Psychic', '', '96.png', 42),
(106, 'Hypno', 97, 85, 73, 70, 73, 115, 67, 'Psychic', '', '97.png', 42),
(107, 'Krabby', 98, 30, 105, 90, 25, 25, 50, 'Water', '', '98.png', 43),
(108, 'Kingler', 99, 55, 130, 115, 50, 50, 75, 'Water', '', '99.png', 43),
(109, 'Voltorb', 100, 40, 30, 50, 55, 55, 100, 'Electric', '', '100.png', 44),
(110, 'Electrode', 101, 60, 50, 70, 80, 80, 140, 'Electric', '', '101.png', 44),
(111, 'Exeggcute', 102, 60, 40, 80, 60, 45, 40, 'Grass', 'Psychic', '102.png', 45),
(112, 'Exeggcutor', 103, 95, 95, 85, 125, 65, 55, 'Grass', 'Psychic', '103.png', 45),
(113, 'Cubone', 104, 50, 50, 95, 40, 50, 35, 'Ground', '', '104.png', 46),
(114, 'Marowak', 105, 60, 80, 110, 50, 80, 45, 'Ground', '', '105.png', 46),
(115, 'Hitmonlee', 106, 50, 120, 53, 35, 110, 87, 'Fight', '', '106.png', 47),
(116, 'Hitmonchan', 107, 50, 105, 79, 35, 110, 76, 'Fight', '', '107.png', 48),
(117, 'Lickitung', 108, 90, 55, 75, 60, 75, 30, 'Normal', '', '108.png', 49),
(118, 'Koffing', 109, 40, 65, 95, 60, 45, 35, 'Poison', '', '109.png', 50),
(119, 'Weezing', 110, 65, 90, 120, 85, 70, 60, 'Poison', '', '110.png', 50),
(120, 'Rhyhorn', 111, 80, 85, 95, 30, 30, 25, 'Ground', 'Rock', '111.png', 51),
(121, 'Rhydon', 112, 105, 130, 120, 45, 45, 40, 'Ground', 'Rock', '112.png', 51),
(122, 'Chansey', 113, 250, 5, 5, 35, 105, 50, 'Normal', '', '113.png', 52),
(123, 'Tangela', 114, 65, 55, 115, 100, 40, 60, 'Grass', '', '114.png', 53),
(124, 'Kangaskhan', 115, 105, 95, 80, 40, 80, 90, 'Normal', '', '115.png', 54),
(125, 'Mega Kangaskhan', 115, 105, 125, 100, 60, 100, 100, 'Normal', '', '115-mega.png', 54),
(126, 'Horsea', 116, 30, 40, 70, 70, 25, 60, 'Water', '', '116.png', 55),
(127, 'Seadra', 117, 55, 65, 95, 95, 45, 85, 'Water', '', '117.png', 55),
(128, 'Goldeen', 118, 45, 67, 60, 35, 50, 63, 'Water', '', '118.png', 56),
(129, 'Seaking', 119, 80, 92, 65, 65, 80, 68, 'Water', '', '119.png', 56),
(130, 'Staryu', 120, 30, 45, 55, 70, 55, 85, 'Water', '', '120.png', 57),
(131, 'Starmie', 121, 60, 75, 85, 100, 85, 115, 'Water', 'Psychic', '121.png', 57),
(132, 'Mr. Mime', 122, 40, 45, 65, 100, 120, 90, 'Psychic', 'Fairy', '122.png', 58),
(133, 'Scyther', 123, 70, 110, 80, 55, 80, 105, 'Bug', 'Flying', '123.png', 59),
(134, 'Jynx', 124, 65, 50, 35, 115, 95, 95, 'Ice', 'Psychic', '124.png', 60),
(135, 'Electabuzz', 125, 65, 83, 57, 95, 85, 105, 'Electric', '', '125.png', 61),
(136, 'Magmar', 126, 65, 95, 57, 100, 85, 93, 'Fire', '', '126.png', 62),
(137, 'Pinsir', 127, 65, 125, 100, 55, 70, 85, 'Bug', '', '127.png', 63),
(138, 'Mega Pinsir', 127, 65, 155, 120, 65, 90, 105, 'Bug', 'Flying', '127-mega.png', 63),
(139, 'Tauros', 128, 75, 100, 95, 40, 70, 110, 'Normal', '', '128.png', 64),
(140, 'Magikarp', 129, 20, 10, 55, 15, 20, 80, 'Water', '', '129.png', 65),
(141, 'Gyarados', 130, 95, 125, 79, 60, 100, 81, 'Water', 'Flying', '130.png', 65),
(142, 'Mega Gyarados', 130, 95, 155, 109, 70, 130, 81, 'Water', 'Dark', '130-mega.png', 65),
(143, 'Lapras', 131, 130, 85, 80, 85, 95, 60, 'Water', 'Ice', '131.png', 66),
(144, 'Ditto', 132, 48, 48, 48, 48, 48, 48, 'Normal', '', '132.png', 67),
(145, 'Eevee', 133, 55, 55, 50, 45, 65, 55, 'Normal', '', '133.png', 68),
(146, 'Vaporeon', 134, 130, 65, 60, 110, 95, 65, 'Water', '', '134.png', 68),
(147, 'Jolteon', 135, 65, 65, 60, 110, 95, 130, 'Electric', '', '135.png', 68),
(148, 'Flareon', 136, 65, 130, 60, 95, 110, 65, 'Fire', '', '136.png', 68),
(149, 'Porygon', 137, 65, 60, 70, 85, 75, 40, 'Normal', '', '137.png', 69),
(150, 'Omanyte', 138, 35, 40, 100, 90, 55, 35, 'Rock', 'Water', '138.png', 70),
(151, 'Omastar', 139, 70, 60, 125, 115, 70, 55, 'Rock', 'Water', '139.png', 70),
(152, 'Kabuto', 140, 30, 80, 90, 55, 45, 55, 'Rock', 'Water', '140.png', 71),
(153, 'Kabutops', 141, 60, 115, 105, 65, 70, 80, 'Rock', 'Water', '141.png', 71),
(154, 'Aerodactyl', 142, 80, 105, 65, 60, 75, 130, 'Rock', 'Flying', '142.png', 72),
(155, 'Mega Aerodactyl', 142, 80, 135, 85, 70, 95, 150, 'Rock', 'Flying', '142-mega.png', 72),
(156, 'Snorlax', 143, 160, 110, 65, 65, 110, 30, 'Normal', '', '143.png', 73),
(157, 'Articuno', 144, 90, 85, 100, 95, 125, 85, 'Ice', 'Flying', '144.png', 74),
(158, 'Zapdos', 145, 90, 90, 85, 125, 90, 100, 'Electric', 'Flying', '145.png', 75),
(159, 'Moltres', 146, 90, 100, 90, 125, 85, 90, 'Fire', 'Flying', '146.png', 76),
(160, 'Dratini', 147, 41, 64, 45, 50, 50, 50, 'Dragon', '', '147.png', 77),
(161, 'Dragonair', 148, 61, 84, 65, 70, 70, 70, 'Dragon', '', '148.png', 77),
(162, 'Dragonite', 149, 91, 134, 95, 100, 100, 80, 'Dragon', 'Flying', '149.png', 77),
(163, 'Mewtwo', 150, 106, 110, 90, 154, 90, 130, 'Psychic', '', '150.png', 78),
(164, 'Mega Mewtwo X', 150, 106, 190, 100, 154, 100, 130, 'Psychic', 'Fight', '150-mega-x.png', 78),
(165, 'Mega Mewtwo Y', 150, 106, 150, 70, 194, 120, 140, 'Psychic', '', '150-mega-y.png', 78),
(166, 'Mew', 151, 100, 100, 100, 100, 100, 100, 'Psychic', '', '151.png', 79);

-- --------------------------------------------------------

--
-- Table structure for table `Tier`
--

CREATE TABLE `Tier` (
  `PokemonID` int(11) DEFAULT NULL,
  `Tier` varchar(255) DEFAULT NULL
) ENGINE=InnoDB DEFAULT CHARSET=latin1;

--
-- Dumping data for table `Tier`
--

INSERT INTO `Tier` (`PokemonID`, `Tier`) VALUES
(1, 'High Tier'),
(2, 'High Tier'),
(3, 'High Tier'),
(4, 'High Tier'),
(5, 'High Tier'),
(6, 'High Tier'),
(7, 'High Tier'),
(8, 'High Tier'),
(9, 'High Tier'),
(10, 'High Tier'),
(11, 'High Tier'),
(12, 'High Tier'),
(13, 'High Tier'),
(14, 'Low Tier'),
(15, 'Low Tier'),
(16, 'Low Tier'),
(17, 'Low Tier'),
(18, 'Low Tier'),
(19, 'Low Tier'),
(20, 'Low Tier'),
(21, 'Low Tier'),
(22, 'Low Tier'),
(23, 'Low Tier'),
(24, 'Low Tier'),
(25, 'Mid Tier'),
(26, 'Mid Tier'),
(27, 'Mid Tier'),
(28, 'Mid Tier'),
(29, 'Low Tier'),
(30, 'Low Tier'),
(31, 'High Tier'),
(32, 'High Tier'),
(33, 'High Tier'),
(34, 'High Tier'),
(35, 'Top Tier'),
(36, 'Top Tier'),
(37, 'Top Tier'),
(38, 'Top Tier'),
(39, 'Top Tier'),
(40, 'Top Tier'),
(41, 'Top Tier'),
(42, 'Mid Tier'),
(43, 'Low Tier'),
(44, 'Low Tier'),
(45, 'Mid Tier'),
(46, 'Mid Tier'),
(47, 'Low Tier'),
(48, 'Low Tier'),
(49, 'Mid Tier'),
(50, 'Mid Tier'),
(51, 'Mid Tier'),
(52, 'Low Tier'),
(53, 'Low Tier'),
(54, 'Low Tier'),
(55, 'Low Tier'),
(56, 'Top Tier'),
(57, 'Top Tier'),
(58, 'Mid Tier'),
(59, 'Mid Tier'),
(60, 'Mid Tier'),
(61, 'Mid Tier'),
(62, 'Mid Tier'),
(63, 'Mid Tier'),
(64, 'Low Tier'),
(65, 'Low Tier'),
(66, 'Mid Tier'),
(67, 'Mid Tier'),
(68, 'Mid Tier'),
(69, 'Top Tier'),
(70, 'Top Tier'),
(71, 'Top Tier'),
(72, 'Top Tier'),
(73, 'Low Tier'),
(74, 'Low Tier'),
(75, 'Low Tier'),
(76, 'Mid Tier'),
(77, 'Mid Tier'),
(78, 'Mid Tier'),
(79, 'High Tier'),
(80, 'High Tier'),
(81, 'Mid Tier'),
(82, 'Mid Tier'),
(83, 'Mid Tier'),
(84, 'Low Tier'),
(85, 'Low Tier'),
(86, 'Mid Tier'),
(87, 'Mid Tier'),
(88, 'Mid Tier'),
(89, 'Mid Tier'),
(90, 'Mid Tier'),
(91, 'Low Tier'),
(92, 'High Tier'),
(93, 'High Tier'),
(94, 'High Tier'),
(95, 'High Tier'),
(96, 'Low Tier'),
(97, 'Low Tier'),
(98, 'High Tier'),
(99, 'High Tier'),
(100, 'High Tier'),
(101, 'High Tier'),
(102, 'High Tier'),
(103, 'High Tier'),
(104, 'Low Tier'),
(105, 'Mid Tier'),
(106, 'Mid Tier'),
(107, 'Mid Tier'),
(108, 'Mid Tier'),
(109, 'Mid Tier'),
(110, 'Mid Tier'),
(111, 'Mid Tier'),
(112, 'Mid Tier'),
(113, 'Low Tier'),
(114, 'Low Tier'),
(115, 'Low Tier'),
(116, 'Low Tier'),
(117, 'Low Tier'),
(118, 'Low Tier'),
(119, 'Low Tier'),
(120, 'Low Tier'),
(121, 'Low Tier'),
(122, 'Low Tier'),
(123, 'Low Tier'),
(124, 'Low Tier'),
(125, 'Low Tier'),
(126, 'Mid Tier'),
(127, 'Mid Tier'),
(128, 'Mid Tier'),
(129, 'Mid Tier'),
(130, 'High Tier'),
(131, 'High Tier'),
(132, 'High Tier'),
(133, 'Low Tier'),
(134, 'High Tier'),
(135, 'Mid Tier'),
(136, 'Low Tier'),
(137, 'Low Tier'),
(138, 'Low Tier'),
(139, 'Low Tier'),
(140, 'Mid Tier'),
(141, 'Mid Tier'),
(142, 'Mid Tier'),
(143, 'Low Tier'),
(144, 'Low Tier'),
(145, 'Untiered'),
(146, 'High Tier'),
(147, 'High Tier'),
(148, 'Mid Tier'),
(149, 'Low Tier'),
(150, 'High Tier'),
(151, 'High Tier'),
(152, 'Mid Tier'),
(153, 'Mid Tier'),
(154, 'Low Tier'),
(155, 'Low Tier'),
(156, 'High Tier'),
(157, 'Top Tier'),
(158, 'Top Tier'),
(159, 'Low Tier'),
(160, 'Low Tier'),
(161, 'Low Tier'),
(162, 'Low Tier'),
(163, 'Untiered'),
(164, 'Untiered'),
(165, 'Untiered'),
(166, 'Untiered');

--
-- Indexes for dumped tables
--

--
-- Indexes for table `Evolution`
--
ALTER TABLE `Evolution`
  ADD PRIMARY KEY (`EvolutionID`);

--
-- Indexes for table `Places`
--
ALTER TABLE `Places`
  ADD PRIMARY KEY (`PokemonID`);

--
-- Indexes for table `Pokemon`
--
ALTER TABLE `Pokemon`
  ADD PRIMARY KEY (`PokemonID`);
COMMIT;

/*!40101 SET CHARACTER_SET_CLIENT=@OLD_CHARACTER_SET_CLIENT */;
/*!40101 SET CHARACTER_SET_RESULTS=@OLD_CHARACTER_SET_RESULTS */;
/*!40101 SET COLLATION_CONNECTION=@OLD_COLLATION_CONNECTION */;
