-- phpMyAdmin SQL Dump
-- version 4.7.4
-- https://www.phpmyadmin.net/
--
-- Host: localhost
-- Generation Time: Nov 12, 2019 at 06:54 PM
-- Server version: 10.1.28-MariaDB
-- PHP Version: 7.1.10

SET SQL_MODE = "NO_AUTO_VALUE_ON_ZERO";
SET AUTOCOMMIT = 0;
START TRANSACTION;
SET time_zone = "+00:00";


/*!40101 SET @OLD_CHARACTER_SET_CLIENT=@@CHARACTER_SET_CLIENT */;
/*!40101 SET @OLD_CHARACTER_SET_RESULTS=@@CHARACTER_SET_RESULTS */;
/*!40101 SET @OLD_COLLATION_CONNECTION=@@COLLATION_CONNECTION */;
/*!40101 SET NAMES utf8mb4 */;

--
-- Database: `PokemonPokedex`
--

-- --------------------------------------------------------

--
-- Table structure for table `Evolution`
--

CREATE TABLE `Evolution` (
  `EvolutionID` int(11) NOT NULL,
  `evo1` varchar(255) DEFAULT NULL,
  `evo2` varchar(255) DEFAULT NULL,
  `evo3` varchar(255) DEFAULT NULL,
  `evo4` varchar(255) DEFAULT NULL,
  `evo5` varchar(255) DEFAULT NULL
) ENGINE=InnoDB DEFAULT CHARSET=latin1;

--
-- Dumping data for table `Evolution`
--

INSERT INTO `Evolution` (`EvolutionID`, `evo1`, `evo2`, `evo3`, `evo4`, `evo5`) VALUES
(1, '1', '2', '3', '4', ''),
(2, '5', '6', '7', '8', '9'),
(3, '10', '11', '12', '13', ''),
(4, '14', '15', '16', '', ''),
(5, '17', '18', '19', '20', ''),
(6, '21', '22', '23', '24', ''),
(7, '25', '26', '', '', ''),
(8, '27', '28', '', '', ''),
(9, '29', '30', '', '', ''),
(10, '31', '32', '', '', ''),
(11, '33', '34', '', '', ''),
(12, '35', '36', '37', '', ''),
(13, '38', '39', '40', '', ''),
(14, '41', '42', '', '', ''),
(15, '43', '44', '', '', ''),
(16, '45', '46', '', '', ''),
(17, '47', '48', '', '', ''),
(18, '49', '50', '51', '', ''),
(19, '52', '53', '', '', ''),
(20, '54', '55', '', '', ''),
(21, '56', '57', '', '', ''),
(22, '58', '59', '', '', ''),
(23, '60', '61', '', '', ''),
(24, '62', '63', '', '', ''),
(25, '64', '65', '', '', ''),
(26, '66', '67', '68', '', ''),
(27, '69', '70', '71', '72', ''),
(28, '73', '74', '75', '', ''),
(29, '76', '77', '78', '', ''),
(30, '79', '80', '', '', ''),
(31, '81', '82', '83', '', ''),
(32, '84', '85', '', '', ''),
(33, '86', '87', '88', '', ''),
(34, '89', '90', '', '', ''),
(35, '91', '', '', '', ''),
(36, '92', '93', '', '', ''),
(37, '94', '95', '', '', ''),
(38, '96', '97', '', '', ''),
(39, '98', '99', '', '', ''),
(40, '100', '101', '102', '103', ''),
(41, '104', '', '', '', ''),
(42, '105', '106', '', '', ''),
(43, '107', '108', '', '', ''),
(44, '109', '110', '', '', ''),
(45, '111', '112', '', '', ''),
(46, '113', '114', '', '', ''),
(47, '115', '', '', '', ''),
(48, '116', '', '', '', ''),
(49, '117', '', '', '', ''),
(50, '118', '119', '', '', ''),
(51, '120', '121', '', '', ''),
(52, '122', '', '', '', ''),
(53, '123', '', '', '', ''),
(54, '124', '125', '', '', ''),
(55, '126', '127', '', '', ''),
(56, '128', '129', '', '', ''),
(57, '130', '131', '', '', ''),
(58, '132', '', '', '', ''),
(59, '133', '', '', '', ''),
(60, '134', '', '', '', ''),
(61, '135', '', '', '', ''),
(62, '136', '', '', '', ''),
(63, '137', '138', '', '', ''),
(64, '139', '', '', '', ''),
(65, '140', '141', '142', '', ''),
(66, '143', '', '', '', ''),
(67, '144', '', '', '', ''),
(68, '145', '146', '147', '148', ''),
(69, '149', '', '', '', ''),
(70, '150', '151', '', '', ''),
(71, '152', '153', '', '', ''),
(72, '154', '155', '', '', ''),
(73, '156', '', '', '', ''),
(74, '157', '', '', '', ''),
(75, '158', '', '', '', ''),
(76, '159', '', '', '', ''),
(77, '160', '161', '162', '', ''),
(78, '163', '164', '165', '', ''),
(79, '166', '', '', '', '');

-- --------------------------------------------------------

--
-- Table structure for table `Legendary`
--

CREATE TABLE `Legendary` (
  `PokemonID` int(11) DEFAULT NULL,
  `Legendary` varchar(255) DEFAULT NULL
) ENGINE=InnoDB DEFAULT CHARSET=latin1;

--
-- Dumping data for table `Legendary`
--

INSERT INTO `Legendary` (`PokemonID`, `Legendary`) VALUES
(1, 'No'),
(2, 'No'),
(3, 'No'),
(4, 'No'),
(5, 'No'),
(6, 'No'),
(7, 'No'),
(8, 'No'),
(9, 'No'),
(10, 'No'),
(11, 'No'),
(12, 'No'),
(13, 'No'),
(14, 'No'),
(15, 'No'),
(16, 'No'),
(17, 'No'),
(18, 'No'),
(19, 'No'),
(20, 'No'),
(21, 'No'),
(22, 'No'),
(23, 'No'),
(24, 'No'),
(25, 'No'),
(26, 'No'),
(27, 'No'),
(28, 'No'),
(29, 'No'),
(30, 'No'),
(31, 'No'),
(32, 'No'),
(33, 'No'),
(34, 'No'),
(35, 'No'),
(36, 'No'),
(37, 'No'),
(38, 'No'),
(39, 'No'),
(40, 'No'),
(41, 'No'),
(42, 'No'),
(43, 'No'),
(44, 'No'),
(45, 'No'),
(46, 'No'),
(47, 'No'),
(48, 'No'),
(49, 'No'),
(50, 'No'),
(51, 'No'),
(52, 'No'),
(53, 'No'),
(54, 'No'),
(55, 'No'),
(56, 'No'),
(57, 'No'),
(58, 'No'),
(59, 'No'),
(60, 'No'),
(61, 'No'),
(62, 'No'),
(63, 'No'),
(64, 'No'),
(65, 'No'),
(66, 'No'),
(67, 'No'),
(68, 'No'),
(69, 'No'),
(70, 'No'),
(71, 'No'),
(72, 'No'),
(73, 'No'),
(74, 'No'),
(75, 'No'),
(76, 'No'),
(77, 'No'),
(78, 'No'),
(79, 'No'),
(80, 'No'),
(81, 'No'),
(82, 'No'),
(83, 'No'),
(84, 'No'),
(85, 'No'),
(86, 'No'),
(87, 'No'),
(88, 'No'),
(89, 'No'),
(90, 'No'),
(91, 'No'),
(92, 'No'),
(93, 'No'),
(94, 'No'),
(95, 'No'),
(96, 'No'),
(97, 'No'),
(98, 'No'),
(99, 'No'),
(100, 'No'),
(101, 'No'),
(102, 'No'),
(103, 'No'),
(104, 'No'),
(105, 'No'),
(106, 'No'),
(107, 'No'),
(108, 'No'),
(109, 'No'),
(110, 'No'),
(111, 'No'),
(112, 'No'),
(113, 'No'),
(114, 'No'),
(115, 'No'),
(116, 'No'),
(117, 'No'),
(118, 'No'),
(119, 'No'),
(120, 'No'),
(121, 'No'),
(122, 'No'),
(123, 'No'),
(124, 'No'),
(125, 'No'),
(126, 'No'),
(127, 'No'),
(128, 'No'),
(129, 'No'),
(130, 'No'),
(131, 'No'),
(132, 'No'),
(133, 'No'),
(134, 'No'),
(135, 'No'),
(136, 'No'),
(137, 'No'),
(138, 'No'),
(139, 'No'),
(140, 'No'),
(141, 'No'),
(142, 'No'),
(143, 'No'),
(144, 'No'),
(145, 'No'),
(146, 'No'),
(147, 'No'),
(148, 'No'),
(149, 'No'),
(150, 'No'),
(151, 'No'),
(152, 'No'),
(153, 'No'),
(154, 'No'),
(155, 'No'),
(156, 'Yes'),
(157, 'Yes'),
(158, 'Yes'),
(159, 'No'),
(160, 'No'),
(161, 'No'),
(162, 'No'),
(163, 'Yes'),
(164, 'Yes'),
(165, 'Yes'),
(166, 'Yes');

-- --------------------------------------------------------

--
-- Table structure for table `Message`
--

CREATE TABLE `Message` (
  `UName` varchar(255) NOT NULL,
  `Message` varchar(255) NOT NULL,
  `PokemonName` varchar(255) NOT NULL
) ENGINE=InnoDB DEFAULT CHARSET=latin1;

--
-- Dumping data for table `Message`
--

INSERT INTO `Message` (`UName`, `Message`, `PokemonName`) VALUES
('Sarah', 'i love this pokemon', 'Bulbasaur'),
('david', 'i love this pokemon', 'Ekans'),
('david', 'i want bulbasaur', 'Bulbasaur'),
('Fred', 'i want bulbasaur', 'Bulbasaur'),
('Ryan', 'This Pokemon is a Beast', 'Mega Charizard X'),
('Henry', 'i finally evolved wartutle into this beast', 'Blastoise'),
('Henry', 'i finally evolved wartutle into this beast', 'Blastoise'),
('Sam', 'i want this pokemon', 'Blastoise'),
('Ash', 'Pikachu I choose you', 'Pikachu'),
('Ken', 'cool pokemon', 'Magnemite'),
('david', 'i want bulbasaur', 'Bulbasaur'),
('oliver', 'i love this pokemon', 'Bulbasaur'),
('Fred', 'i love this pokemon', 'Caterpie'),
('oliver', 'i want this pokemon', 'Caterpie'),
('Nathan', 'anyone wanna trade with me? i have a shiny butterfree', 'Butterfree'),
('Neil', 'i want a vapreon', 'Eevee'),
('ibrahim', 'this was my first Pokemon', 'Bulbasaur'),
('ibrahim', 'I would always like this pokemon to be on my team', 'Charmander'),
('Sean', 'this pokemon is dope', 'Charmander'),
('Sean', 'love pokemon', 'Ivysaur'),
('Sean', 'love pokemon', 'Ivysaur');

-- --------------------------------------------------------

--
-- Table structure for table `moves`
--

CREATE TABLE `moves` (
  `accuracy` int(11) DEFAULT NULL,
  `category` varchar(2) CHARACTER SET utf8 DEFAULT NULL,
  `cname` varchar(6) CHARACTER SET utf8 DEFAULT NULL,
  `ename` varchar(16) CHARACTER SET utf8 DEFAULT NULL,
  `id` int(11) DEFAULT NULL,
  `jname` varchar(8) CHARACTER SET utf8 DEFAULT NULL,
  `power` int(11) DEFAULT NULL,
  `pp` int(11) DEFAULT NULL,
  `PokeType` varchar(8) CHARACTER SET utf8 DEFAULT NULL,
  `tm` int(11) DEFAULT NULL,
  `max_pp` int(11) DEFAULT NULL
) ENGINE=InnoDB DEFAULT CHARSET=latin1;

--
-- Dumping data for table `moves`
--

INSERT INTO `moves` (`accuracy`, `category`, `cname`, `ename`, `id`, `jname`, `power`, `pp`, `PokeType`, `tm`, `max_pp`) VALUES
(100, '物理', '拍击', 'Pound', 1, 'はたく', 40, 35, 'Normal', 0, 0),
(100, '物理', '手刀', 'Karate Chop', 2, 'からてチョップ', 50, 25, 'Fighting', 0, 0),
(85, '物理', '连环巴掌', 'Double Slap', 3, 'おうふくビンタ', 15, 10, 'Normal', 0, 0),
(85, '物理', '连续拳', 'Comet Punch', 4, 'れんぞくパンチ', 18, 15, 'Normal', 0, 0),
(85, '物理', '百万吨拳击', 'Mega Punch', 5, 'メガトンパンチ', 80, 20, 'Normal', 0, 0),
(100, '物理', '聚宝功', 'Pay Day', 6, 'ネコにこばん', 40, 20, 'Normal', 0, 0),
(100, '物理', '火焰拳', 'Fire Punch', 7, 'ほのおのパンチ', 75, 15, 'Fire', 0, 0),
(100, '物理', '急冻拳', 'Ice Punch', 8, 'れいとうパンチ', 75, 15, 'Ice', 0, 0),
(100, '物理', '雷光掌', 'Thunder Punch', 9, 'かみなりパンチ', 75, 15, 'Electric', 0, 0),
(100, '物理', '利爪', 'Scratch', 10, 'ひっかく', 40, 35, 'Normal', 0, 0),
(100, '物理', '剪断', 'Vice Grip', 11, 'はさむ', 55, 30, 'Normal', 0, 0),
(30, '物理', '剪刀断头台', 'Guillotine', 12, 'ハサミギロチン', 0, 5, 'Normal', 0, 0),
(100, '特殊', '旋风刀', 'Razor Wind', 13, 'かまいたち', 80, 10, 'Normal', 0, 0),
(0, '变化', '剑舞', 'Swords Dance', 14, 'つるぎのまい', 0, 20, 'Normal', 75, 0),
(95, '物理', '一字斩', 'Cut', 15, 'いあいぎり', 50, 30, 'Normal', 0, 0),
(100, '特殊', '烈暴风', 'Gust', 16, 'かぜおこし', 40, 35, 'Fighting', 0, 0),
(100, '物理', '翅膀攻击', 'Wing Attack', 17, 'つばさでうつ', 60, 35, 'Fighting', 0, 0),
(100, '变化', '旋风', 'Whirlwind', 18, 'ふきとばし', 0, 20, 'Normal', 0, 0),
(95, '物理', '飞翔', 'Fly', 19, 'そらをとぶ', 90, 15, 'Fighting', 0, 0),
(85, '物理', '绑紧', 'Bind', 20, 'しめつける', 15, 20, 'Normal', 0, 0),
(75, '物理', '叩打', 'Slam', 21, 'たたきつける', 80, 20, 'Normal', 0, 0),
(100, '物理', '藤鞭', 'Vine Whip', 22, 'つるのムチ', 45, 25, 'Grass', 0, 0),
(100, '物理', '践踏', 'Stomp', 23, 'ふみつけ', 65, 20, 'Normal', 0, 0),
(100, '物理', '连环腿', 'Double Kick', 24, 'にどげり', 30, 30, 'Fighting', 0, 0),
(75, '物理', '百万吨飞腿', 'Mega Kick', 25, 'メガトンキック', 120, 5, 'Normal', 0, 0),
(95, '物理', '飞踢', 'Jump Kick', 26, 'とびげり', 130, 10, 'Fighting', 0, 0),
(85, '物理', '旋风腿', 'Rolling Kick', 27, 'まわしげり', 60, 15, 'Fighting', 0, 0),
(100, '变化', '飞沙脚', 'Sand Attack', 28, 'すなかけ', 0, 15, 'Ground', 0, 0),
(100, '物理', '铁头功', 'Headbutt', 29, 'ずつき', 70, 15, 'Normal', 0, 0),
(100, '物理', '角撞', 'Horn Attack', 30, 'つのでつく', 65, 25, 'Normal', 0, 0),
(85, '物理', '疯狂攻击', 'Fury Attack', 31, 'みだれづき', 15, 20, 'Normal', 0, 0),
(30, '物理', '独角钻', 'Horn Drill', 32, 'つのドリル', 0, 5, 'Normal', 0, 0),
(100, '物理', '冲击', 'Tackle', 33, 'たいあたり', 50, 35, 'Normal', 0, 0),
(100, '物理', '泰山压顶', 'Body Slam', 34, 'のしかかり', 85, 15, 'Normal', 0, 0),
(90, '物理', '捆绑', 'Wrap', 35, 'まきつく', 15, 20, 'Normal', 0, 0),
(85, '物理', '猛撞', 'Take Down', 36, 'とっしん', 90, 20, 'Normal', 0, 0),
(100, '物理', '横冲直撞', 'Thrash', 37, 'あばれる', 120, 10, 'Normal', 0, 0),
(100, '物理', '舍身攻击', 'Double-Edge', 38, 'すてみタックル', 120, 15, 'Normal', 0, 0),
(100, '变化', '摇尾巴', 'Tail Whip', 39, 'しっぽをふる', 0, 30, 'Normal', 0, 0),
(100, '物理', '毒针', 'Poison Sting', 40, 'どくばり', 15, 35, 'Poison', 0, 0),
(100, '物理', '双针', 'Twineedle', 41, 'ダブルニードル', 25, 20, 'Bug', 0, 0),
(95, '物理', '飞弹针', 'Pin Missile', 42, 'ミサイルばり', 25, 20, 'Bug', 0, 0),
(100, '变化', '瞪眼', 'Leer', 43, 'にらみつける', 0, 30, 'Normal', 0, 0),
(100, '物理', '咬咬', 'Bite', 44, 'かみつく', 60, 25, 'Dark', 0, 0),
(100, '变化', '嚎叫', 'Growl', 45, 'なきごえ', 0, 40, 'Normal', 0, 0),
(0, '变化', '吼叫', 'Roar', 46, 'ほえる', 0, 20, 'Normal', 5, 0),
(55, '变化', '唱歌', 'Sing', 47, 'うたう', 0, 15, 'Normal', 0, 0),
(55, '变化', '超音波', 'Supersonic', 48, 'ちょうおんぱ', 0, 20, 'Normal', 0, 0),
(90, '特殊', '音爆', 'Sonic Boom', 49, 'ソニックブーム', 0, 20, 'Normal', 0, 0),
(100, '变化', '石化功', 'Disable', 50, 'かなしばり', 0, 20, 'Normal', 0, 0),
(100, '特殊', '溶解液', 'Acid', 51, 'ようかいえき', 40, 30, 'Poison', 0, 0),
(100, '特殊', '火花', 'Ember', 52, 'ひのこ', 40, 25, 'Fire', 0, 0),
(100, '特殊', '喷射火焰', 'Flamethrower', 53, 'かえんほうしゃ', 90, 15, 'Fire', 35, 0),
(0, '变化', '白雾', 'Mist', 54, 'しろいきり', 0, 30, 'Ice', 0, 0),
(100, '特殊', '水枪', 'Water Gun', 55, 'みずでっぽう', 40, 25, 'Water', 0, 0),
(80, '特殊', '水炮', 'Hydro Pump', 56, 'ハイドロポンプ', 110, 5, 'Water', 0, 0),
(100, '特殊', '冲浪', 'Surf', 57, 'なみのり', 90, 15, 'Water', 0, 0),
(100, '特殊', '急冻光线', 'Ice Beam', 58, 'れいとうビーム', 90, 10, 'Ice', 13, 0),
(70, '特殊', '暴风雪', 'Blizzard', 59, 'ふぶき', 110, 5, 'Ice', 14, 0),
(100, '特殊', '幻象光', 'Psybeam', 60, 'サイケこうせん', 65, 20, 'Psychic', 0, 0),
(100, '特殊', '泡沫光线', 'Bubble Beam', 61, 'バブルこうせん', 65, 20, 'Water', 0, 0),
(100, '特殊', '极光束', 'Aurora Beam', 62, 'オーロラビーム', 65, 20, 'Ice', 0, 0),
(90, '特殊', '破坏死光', 'Hyper Beam', 63, 'はかいこうせん', 150, 5, 'Normal', 15, 0),
(100, '物理', '啄', 'Peck', 64, 'つつく', 35, 35, 'Fighting', 0, 0),
(100, '物理', '冲钻', 'Drill Peck', 65, 'ドリルくちばし', 80, 20, 'Fighting', 0, 0),
(80, '物理', '地狱滚动', 'Submission', 66, 'じごくぐるま', 80, 25, 'Fighting', 0, 0),
(100, '物理', '下踢', 'Low Kick', 67, 'けたぐり', 0, 20, 'Fighting', 0, 0),
(100, '物理', '返拳', 'Counter', 68, 'カウンター', 0, 20, 'Fighting', 0, 0),
(100, '物理', '地球上投', 'Seismic Toss', 69, 'ちきゅうなげ', 0, 20, 'Fighting', 0, 0),
(100, '物理', '劲力', 'Strength', 70, 'かいりき', 80, 15, 'Normal', 0, 0),
(100, '特殊', '吸收', 'Absorb', 71, 'すいとる', 20, 25, 'Grass', 0, 0),
(100, '特殊', '百万吨吸收', 'Mega Drain', 72, 'メガドレイン', 40, 15, 'Grass', 0, 0),
(90, '变化', '寄生种子', 'Leech Seed', 73, 'やどりぎのタネ', 0, 10, 'Grass', 0, 0),
(0, '变化', '生长', 'Growth', 74, 'せいちょう', 0, 40, 'Normal', 0, 0),
(95, '物理', '飞叶快刀', 'Razor Leaf', 75, 'はっぱカッター', 55, 25, 'Grass', 0, 0),
(100, '特殊', '阳光烈焰', 'Solar Beam', 76, 'ソーラービーム', 120, 10, 'Grass', 22, 0),
(75, '变化', '毒粉末', 'Poison Powder', 77, 'どくのこな', 0, 35, 'Poison', 0, 0),
(75, '变化', '麻痹粉', 'Stun Spore', 78, 'しびれごな', 0, 30, 'Grass', 0, 0),
(75, '变化', '睡眠粉', 'Sleep Powder', 79, 'ねむりごな', 0, 15, 'Grass', 0, 0),
(100, '特殊', '花之舞', 'Petal Dance', 80, 'はなびらのまい', 120, 10, 'Grass', 0, 0),
(95, '变化', '吐丝', 'String Shot', 81, 'いとをはく', 0, 40, 'Bug', 0, 0),
(100, '特殊', '龙之怒', 'Dragon Rage', 82, 'りゅうのいかり', 0, 10, 'Dragon', 0, 0),
(85, '特殊', '火焰漩涡', 'Fire Spin', 83, 'ほのおのうず', 35, 15, 'Fire', 0, 0),
(100, '特殊', '电击', 'Thunder Shock', 84, 'でんきショック', 40, 30, 'Electric', 0, 0),
(100, '特殊', '十万伏特', 'Thunderbolt', 85, '１０まんボルト', 90, 15, 'Electric', 24, 0),
(100, '变化', '电磁波', 'Thunder Wave', 86, 'でんじは', 0, 20, 'Electric', 73, 0),
(70, '特殊', '打雷', 'Thunder', 87, 'かみなり', 110, 10, 'Electric', 25, 0),
(90, '物理', '滚石', 'Rock Throw', 88, 'いわおとし', 50, 15, 'Rock', 0, 0),
(100, '物理', '地震', 'Earthquake', 89, 'じしん', 100, 10, 'Ground', 26, 0),
(30, '物理', '地裂', 'Fissure', 90, 'じわれ', 0, 5, 'Ground', 0, 0),
(100, '物理', '挖地洞', 'Dig', 91, 'あなをほる', 80, 10, 'Ground', 28, 0),
(90, '变化', '猛毒素', 'Toxic', 92, 'どくどく', 0, 10, 'Poison', 6, 0),
(100, '特殊', '念力', 'Confusion', 93, 'ねんりき', 50, 25, 'Psychic', 0, 0),
(100, '特殊', '幻象术', 'Psychic', 94, 'サイコキネシス', 90, 10, 'Psychic', 29, 0),
(60, '变化', '催眠术', 'Hypnosis', 95, 'さいみんじゅつ', 0, 20, 'Psychic', 0, 0),
(0, '变化', '瑜伽姿势', 'Meditate', 96, 'ヨガのポーズ', 0, 40, 'Psychic', 0, 0),
(0, '变化', '高速移动', 'Agility', 97, 'こうそくいどう', 0, 30, 'Psychic', 0, 0),
(100, '物理', '电光一闪', 'Quick Attack', 98, 'でんこうせっか', 40, 30, 'Normal', 0, 0),
(100, '物理', '愤怒', 'Rage', 99, 'いかり', 20, 20, 'Normal', 0, 0),
(0, '变化', '瞬间移动', 'Teleport', 100, 'テレポート', 0, 20, 'Psychic', 0, 0),
(100, '特殊', '黑夜诅咒', 'Night Shade', 101, 'ナイトヘッド', 0, 15, 'Ghost', 0, 0),
(0, '变化', '模仿', 'Mimic', 102, 'ものまね', 0, 10, 'Normal', 0, 0),
(85, '变化', '噪音', 'Screech', 103, 'いやなおと', 0, 40, 'Normal', 0, 0),
(0, '变化', '影子分身', 'Double Team', 104, 'かげぶんしん', 0, 15, 'Normal', 32, 0),
(0, '变化', '自我复原', 'Recover', 105, 'じこさいせい', 0, 10, 'Normal', 0, 0),
(0, '变化', '硬梆梆', 'Harden', 106, 'かたくなる', 0, 30, 'Normal', 0, 0),
(0, '变化', '缩小', 'Minimize', 107, 'ちいさくなる', 0, 10, 'Normal', 0, 0),
(100, '变化', '烟幕', 'Smokescreen', 108, 'えんまく', 0, 20, 'Normal', 0, 0),
(100, '变化', '奇异光线', 'Confuse Ray', 109, 'あやしいひかり', 0, 10, 'Ghost', 0, 0),
(0, '变化', '缩壳', 'Withdraw', 110, 'からにこもる', 0, 40, 'Water', 0, 0),
(0, '变化', '防卫卷', 'Defense Curl', 111, 'まるくなる', 0, 40, 'Normal', 0, 0),
(0, '变化', '障碍', 'Barrier', 112, 'バリアー', 0, 30, 'Psychic', 0, 0),
(0, '变化', '光墙', 'Light Screen', 113, 'ひかりのかべ', 0, 30, 'Psychic', 16, 0),
(0, '变化', '黑雾', 'Haze', 114, 'くろいきり', 0, 30, 'Ice', 0, 0),
(0, '变化', '减半反射', 'Reflect', 115, 'リフレクター', 0, 20, 'Psychic', 33, 0),
(0, '变化', '集气', 'Focus Energy', 116, 'きあいだめ', 0, 30, 'Normal', 0, 0),
(0, '物理', '忍忍', 'Bide', 117, 'がまん', 0, 10, 'Normal', 0, 0),
(0, '变化', '挥指功', 'Metronome', 118, 'ゆびをふる', 0, 10, 'Normal', 0, 0),
(0, '变化', '学舌术', 'Mirror Move', 119, 'オウムがえし', 0, 20, 'Fighting', 0, 0),
(100, '物理', '自爆', 'Self-Destruct', 120, 'じばく', 200, 5, 'Normal', 0, 0),
(75, '物理', '炸蛋', 'Egg Bomb', 121, 'タマゴばくだん', 100, 10, 'Normal', 0, 0),
(100, '物理', '舔舌头', 'Lick', 122, 'したでなめる', 30, 30, 'Ghost', 0, 0),
(70, '特殊', '迷雾', 'Smog', 123, 'スモッグ', 30, 20, 'Poison', 0, 0),
(100, '特殊', '泥浆攻击', 'Sludge', 124, 'ヘドロこうげき', 65, 20, 'Poison', 0, 0),
(85, '物理', '骨棒', 'Bone Club', 125, 'ホネこんぼう', 65, 20, 'Ground', 0, 0),
(85, '特殊', '大字爆', 'Fire Blast', 126, 'だいもんじ', 110, 5, 'Fire', 38, 0),
(100, '物理', '鱼跃龙门', 'Waterfall', 127, 'たきのぼり', 80, 15, 'Water', 0, 0),
(85, '物理', '夹壳', 'Clamp', 128, 'からではさむ', 35, 10, 'Water', 0, 0),
(0, '特殊', '高速星星', 'Swift', 129, 'スピードスター', 60, 20, 'Normal', 0, 0),
(100, '物理', '火箭头槌', 'Skull Bash', 130, 'ロケットずつき', 130, 10, 'Normal', 0, 0),
(100, '物理', '尖刺加农炮', 'Spike Cannon', 131, 'とげキャノン', 20, 15, 'Normal', 0, 0),
(100, '物理', '纠缠', 'Constrict', 132, 'からみつく', 10, 35, 'Normal', 0, 0),
(0, '变化', '瞬间失忆', 'Amnesia', 133, 'ドわすれ', 0, 20, 'Psychic', 0, 0),
(80, '变化', '折弯汤匙', 'Kinesis', 134, 'スプーンまげ', 0, 15, 'Psychic', 0, 0),
(0, '变化', '生蛋', 'Soft-Boiled', 135, 'タマゴうみ', 0, 10, 'Normal', 0, 0),
(90, '物理', '飞膝撞', 'High Jump Kick', 136, 'とびひざげり', 130, 10, 'Fighting', 0, 0),
(100, '变化', '大蛇瞪眼', 'Glare', 137, 'へびにらみ', 0, 30, 'Normal', 0, 0),
(100, '特殊', '食梦', 'Dream Eater', 138, 'ゆめくい', 100, 15, 'Psychic', 85, 0),
(90, '变化', '毒瓦斯', 'Poison Gas', 139, 'どくガス', 0, 40, 'Poison', 0, 0),
(85, '物理', '丢球', 'Barrage', 140, 'たまなげ', 15, 20, 'Normal', 0, 0),
(100, '物理', '吸血', 'Leech Life', 141, 'きゅうけつ', 20, 15, 'Bug', 0, 0),
(75, '变化', '恶魔之吻', 'Lovely Kiss', 142, 'あくまのキッス', 0, 10, 'Normal', 0, 0),
(90, '物理', '高空攻击', 'Sky Attack', 143, 'ゴッドバード', 140, 5, 'Fighting', 0, 0),
(0, '变化', '变身', 'Transform', 144, 'へんしん', 0, 10, 'Normal', 0, 0),
(100, '特殊', '泡泡', 'Bubble', 145, 'あわ', 40, 30, 'Water', 0, 0),
(100, '物理', '迷昏拳', 'Dizzy Punch', 146, 'ピヨピヨパンチ', 70, 10, 'Normal', 0, 0),
(100, '变化', '蘑菇孢子', 'Spore', 147, 'キノコのほうし', 0, 15, 'Grass', 0, 0),
(100, '变化', '闪光', 'Flash', 148, 'フラッシュ', 0, 20, 'Normal', 70, 0),
(100, '特殊', '幻象波', 'Psywave', 149, 'サイコウェーブ', 0, 15, 'Psychic', 0, 0),
(0, '变化', '水溅跃', 'Splash', 150, 'はねる', 0, 40, 'Normal', 0, 0),
(0, '变化', '溶化', 'Acid Armor', 151, 'とける', 0, 20, 'Poison', 0, 0),
(90, '物理', '螃蟹拳', 'Crabhammer', 152, 'クラブハンマー', 100, 10, 'Water', 0, 0),
(100, '物理', '大爆炸', 'Explosion', 153, 'だいばくはつ', 250, 5, 'Normal', 64, 0),
(80, '物理', '疯狂乱抓', 'Fury Swipes', 154, 'みだれひっかき', 18, 15, 'Normal', 0, 0),
(90, '物理', '骨头回力镖', 'Bonemerang', 155, 'ホネブーメラン', 50, 10, 'Ground', 0, 0),
(0, '变化', '睡觉', 'Rest', 156, 'ねむる', 0, 10, 'Psychic', 44, 0),
(90, '物理', '山崩地裂', 'Rock Slide', 157, 'いわなだれ', 75, 10, 'Rock', 80, 0),
(90, '物理', '必杀门牙', 'Hyper Fang', 158, 'ひっさつまえば', 80, 15, 'Normal', 0, 0),
(0, '变化', '棱角', 'Sharpen', 159, 'かくばる', 0, 30, 'Normal', 0, 0),
(0, '变化', '变性', 'Conversion', 160, 'テクスチャー', 0, 30, 'Normal', 0, 0),
(100, '特殊', '三角攻击', 'Tri Attack', 161, 'トライアタック', 80, 10, 'Normal', 0, 0),
(90, '物理', '愤怒之牙', 'Super Fang', 162, 'いかりのまえば', 0, 10, 'Normal', 0, 0),
(100, '物理', '劈开', 'Slash', 163, 'きりさく', 70, 20, 'Normal', 0, 0),
(0, '变化', '替身', 'Substitute', 164, 'みがわり', 0, 10, 'Normal', 90, 0),
(0, '物理', '挣扎', 'Struggle', 165, 'わるあがき', 50, 0, 'Normal', 0, 0),
(0, '变化', '写生', 'Sketch', 166, 'スケッチ', 0, 1, 'Normal', 0, 0),
(90, '物理', '三倍足攻', 'Triple Kick', 167, 'トリプルキック', 10, 10, 'Fighting', 0, 0),
(100, '物理', '小偷', 'Thief', 168, 'どろぼう', 60, 10, 'Dark', 46, 0),
(0, '变化', '蛛丝', 'Spider Web', 169, 'クモのす', 0, 10, 'Bug', 0, 0),
(0, '变化', '心眼', 'Mind Reader', 170, 'こころのめ', 0, 5, 'Normal', 0, 0),
(100, '变化', '恶梦', 'Nightmare', 171, 'あくむ', 0, 15, 'Ghost', 0, 0),
(100, '物理', '火焰轮', 'Flame Wheel', 172, 'かえんぐるま', 60, 25, 'Fire', 0, 0),
(100, '特殊', '打鼾', 'Snore', 173, 'いびき', 50, 15, 'Normal', 0, 0),
(0, '变化', '咒语', 'Curse', 174, 'のろい', 0, 0, 'Ghost', 0, 0),
(100, '物理', '手足慌乱', 'Flail', 175, 'じたばた', 0, 15, 'Normal', 0, 0),
(0, '变化', '变性II', 'Conversion 2', 176, 'テクスチャー２', 0, 30, 'Normal', 0, 0),
(95, '特殊', '空气爆炸', 'Aeroblast', 177, 'エアロブラスト', 100, 5, 'Fighting', 0, 0),
(100, '变化', '棉孢子', 'Cotton Spore', 178, 'わたほうし', 0, 40, 'Grass', 0, 0),
(100, '物理', '起死回生', 'Reversal', 179, 'きしかいせい', 0, 15, 'Fighting', 0, 0),
(100, '变化', '痛恨', 'Spite', 180, 'うらみ', 0, 10, 'Ghost', 0, 0),
(100, '特殊', '细雪', 'Powder Snow', 181, 'こなゆき', 40, 25, 'Ice', 0, 0),
(0, '变化', '守住', 'Protect', 182, 'まもる', 0, 10, 'Normal', 17, 0),
(100, '物理', '音速拳', 'Mach Punch', 183, 'マッハパンチ', 40, 30, 'Fighting', 0, 0),
(100, '变化', '鬼脸', 'Scary Face', 184, 'こわいかお', 0, 10, 'Normal', 0, 0),
(0, '物理', '虚晃一招', 'Feint Attack', 185, 'だましうち', 60, 20, 'Dark', 0, 0),
(75, '变化', '天使之吻', 'Sweet Kiss', 186, 'てんしのキッス', 0, 10, 'Fairy', 0, 0),
(0, '变化', '肚子大鼓', 'Belly Drum', 187, 'はらだいこ', 0, 10, 'Normal', 0, 0),
(100, '特殊', '臭泥爆弹', 'Sludge Bomb', 188, 'ヘドロばくだん', 90, 10, 'Poison', 36, 0),
(100, '特殊', '泥汤', 'Mud-Slap', 189, 'どろかけ', 20, 10, 'Ground', 0, 0),
(85, '特殊', '章鱼桶炮', 'Octazooka', 190, 'オクタンほう', 65, 10, 'Water', 0, 0),
(0, '变化', '满地星', 'Spikes', 191, 'まきびし', 0, 20, 'Ground', 0, 0),
(50, '特殊', '电磁炮', 'Zap Cannon', 192, 'でんじほう', 120, 5, 'Electric', 0, 0),
(0, '变化', '看破', 'Foresight', 193, 'みやぶる', 0, 40, 'Normal', 0, 0),
(0, '变化', '同命', 'Destiny Bond', 194, 'みちづれ', 0, 5, 'Ghost', 0, 0),
(0, '变化', '灭亡之歌', 'Perish Song', 195, 'ほろびのうた', 0, 5, 'Normal', 0, 0),
(95, '特殊', '冻风', 'Icy Wind', 196, 'こごえるかぜ', 55, 15, 'Ice', 0, 0),
(0, '变化', '先决', 'Detect', 197, 'みきり', 0, 5, 'Fighting', 0, 0),
(80, '物理', '骨击一气', 'Bone Rush', 198, 'ボーンラッシュ', 25, 10, 'Ground', 0, 0),
(0, '变化', '锁定', 'Lock-On', 199, 'ロックオン', 0, 5, 'Normal', 0, 0),
(100, '物理', '龙鳞之怒', 'Outrage', 200, 'げきりん', 120, 15, 'Dragon', 0, 0),
(0, '变化', '沙雹', 'Sandstorm', 201, 'すなあらし', 0, 10, 'Rock', 37, 0),
(100, '特殊', '超级吸收', 'Giga Drain', 202, 'ギガドレイン', 75, 10, 'Grass', 0, 0),
(0, '变化', '忍耐', 'Endure', 203, 'こらえる', 0, 10, 'Normal', 0, 0),
(100, '变化', '撒娇', 'Charm', 204, 'あまえる', 0, 20, 'Fairy', 0, 0),
(90, '物理', '滚动', 'Rollout', 205, 'ころがる', 30, 20, 'Rock', 0, 0),
(100, '物理', '刀背击打', 'False Swipe', 206, 'みねうち', 40, 40, 'Normal', 54, 0),
(90, '变化', '装腔作势', 'Swagger', 207, 'いばる', 0, 15, 'Normal', 87, 0),
(0, '变化', '饮奶', 'Milk Drink', 208, 'ミルクのみ', 0, 10, 'Normal', 0, 0),
(100, '物理', '闪电', 'Spark', 209, 'スパーク', 65, 20, 'Electric', 0, 0),
(95, '物理', '连切', 'Fury Cutter', 210, 'れんぞくぎり', 40, 20, 'Bug', 0, 0),
(90, '物理', '钢翼', 'Steel Wing', 211, 'はがねのつばさ', 70, 25, 'Steel', 51, 0),
(0, '变化', '黑色眼光', 'Mean Look', 212, 'くろいまなざし', 0, 5, 'Normal', 0, 0),
(100, '变化', '迷人', 'Attract', 213, 'メロメロ', 0, 15, 'Normal', 45, 0),
(0, '变化', '梦话', 'Sleep Talk', 214, 'ねごと', 0, 10, 'Normal', 88, 0),
(0, '变化', '治愈铃声', 'Heal Bell', 215, 'いやしのすず', 0, 5, 'Normal', 0, 0),
(100, '物理', '报恩', 'Return', 216, 'おんがえし', 0, 20, 'Normal', 27, 0),
(90, '物理', '礼物', 'Present', 217, 'プレゼント', 0, 15, 'Normal', 0, 0),
(100, '物理', '牵连', 'Frustration', 218, 'やつあたり', 0, 20, 'Normal', 21, 0),
(0, '变化', '神秘护身', 'Safeguard', 219, 'しんぴのまもり', 0, 25, 'Normal', 20, 0),
(0, '变化', '分享痛楚', 'Pain Split', 220, 'いたみわけ', 0, 20, 'Normal', 0, 0),
(95, '物理', '圣之火', 'Sacred Fire', 221, 'せいなるほのお', 100, 5, 'Fire', 0, 0),
(100, '物理', '震级', 'Magnitude', 222, 'マグニチュード', 0, 30, 'Ground', 0, 0),
(50, '物理', '爆裂拳', 'Dynamic Punch', 223, 'ばくれつパンチ', 100, 5, 'Fighting', 0, 0),
(85, '物理', '百万吨角击', 'Megahorn', 224, 'メガホーン', 120, 10, 'Bug', 0, 0),
(100, '特殊', '龙吸', 'Dragon Breath', 225, 'りゅうのいぶき', 60, 20, 'Dragon', 0, 0),
(0, '变化', '接棒', 'Baton Pass', 226, 'バトンタッチ', 0, 40, 'Normal', 0, 0),
(100, '变化', '再来一次', 'Encore', 227, 'アンコール', 0, 5, 'Normal', 0, 0),
(100, '物理', '追打', 'Pursuit', 228, 'おいうち', 40, 20, 'Dark', 0, 0),
(100, '物理', '高速回转', 'Rapid Spin', 229, 'こうそくスピン', 20, 40, 'Normal', 0, 0),
(100, '变化', '甜气', 'Sweet Scent', 230, 'あまいかおり', 0, 20, 'Normal', 0, 0),
(75, '物理', '铁尾', 'Iron Tail', 231, 'アイアンテール', 100, 15, 'Steel', 0, 0),
(95, '物理', '合金爪', 'Metal Claw', 232, 'メタルクロー', 50, 35, 'Steel', 0, 0),
(0, '物理', '一招制敌', 'Vital Throw', 233, 'あてみなげ', 70, 10, 'Fighting', 0, 0),
(0, '变化', '晨光', 'Morning Sun', 234, 'あさのひざし', 0, 5, 'Normal', 0, 0),
(0, '变化', '光学合成', 'Synthesis', 235, 'こうごうせい', 0, 5, 'Grass', 0, 0),
(0, '变化', '月光', 'Moonlight', 236, 'つきのひかり', 0, 5, 'Fairy', 0, 0),
(100, '特殊', '催醒', 'Hidden Power', 237, 'めざめるパワー', 60, 15, 'Normal', 10, 0),
(80, '物理', '十字切', 'Cross Chop', 238, 'クロスチョップ', 100, 5, 'Fighting', 0, 0),
(100, '特殊', '龙卷风', 'Twister', 239, 'たつまき', 40, 20, 'Dragon', 0, 0),
(0, '变化', '乞雨', 'Rain Dance', 240, 'あまごい', 0, 5, 'Water', 18, 0),
(0, '变化', '大晴天', 'Sunny Day', 241, 'にほんばれ', 0, 5, 'Fire', 11, 0),
(100, '物理', '咬碎', 'Crunch', 242, 'かみくだく', 80, 15, 'Dark', 0, 0),
(100, '特殊', '表面涂层', 'Mirror Coat', 243, 'ミラーコート', 0, 20, 'Psychic', 0, 0),
(0, '变化', '自我暗示', 'Psych Up', 244, 'じこあんじ', 0, 10, 'Normal', 77, 0),
(100, '物理', '神速', 'Extreme Speed', 245, 'しんそく', 80, 5, 'Normal', 0, 0),
(100, '特殊', '原始之力', 'Ancient Power', 246, 'げんしのちから', 60, 5, 'Rock', 0, 0),
(100, '特殊', '影子球', 'Shadow Ball', 247, 'シャドーボール', 80, 15, 'Ghost', 30, 0),
(100, '特殊', '先知', 'Future Sight', 248, 'みらいよち', 120, 10, 'Psychic', 0, 0),
(100, '物理', '岩石粉碎', 'Rock Smash', 249, 'いわくだき', 40, 15, 'Fighting', 94, 0),
(85, '特殊', '潮旋', 'Whirlpool', 250, 'うずしお', 35, 15, 'Water', 0, 0),
(100, '物理', '痛打一气', 'Beat Up', 251, 'ふくろだたき', 0, 10, 'Dark', 0, 0),
(100, '物理', '假动作', 'Fake Out', 252, 'ねこだまし', 40, 10, 'Normal', 0, 0),
(100, '特殊', '吵闹', 'Uproar', 253, 'さわぐ', 90, 10, 'Normal', 0, 0),
(0, '变化', '储存', 'Stockpile', 254, 'たくわえる', 0, 20, 'Normal', 0, 0),
(100, '特殊', '喷出', 'Spit Up', 255, 'はきだす', 0, 10, 'Normal', 0, 0),
(0, '变化', '吞下', 'Swallow', 256, 'のみこむ', 0, 10, 'Normal', 0, 0),
(90, '特殊', '热风', 'Heat Wave', 257, 'ねっぷう', 95, 10, 'Fire', 0, 0),
(0, '变化', '冰雹', 'Hail', 258, 'あられ', 0, 10, 'Ice', 7, 0),
(100, '变化', '假指控', 'Torment', 259, 'いちゃもん', 0, 15, 'Dark', 41, 0),
(100, '变化', '煽惑', 'Flatter', 260, 'おだてる', 0, 15, 'Dark', 0, 0),
(85, '变化', '鬼火', 'Will-O-Wisp', 261, 'おにび', 0, 15, 'Fire', 61, 0),
(100, '变化', '临别礼物', 'Memento', 262, 'おきみやげ', 0, 10, 'Dark', 0, 0),
(100, '物理', '假勇敢', 'Facade', 263, 'からげんき', 70, 20, 'Normal', 42, 0),
(100, '物理', '集中猛击', 'Focus Punch', 264, 'きあいパンチ', 150, 20, 'Fighting', 0, 0),
(100, '物理', '苏醒', 'Smelling Salts', 265, 'きつけ', 70, 10, 'Normal', 0, 0),
(0, '变化', '跟我来', 'Follow Me', 266, 'このゆびとまれ', 0, 20, 'Normal', 0, 0),
(0, '变化', '自然能力', 'Nature Power', 267, 'しぜんのちから', 0, 20, 'Normal', 96, 0),
(0, '变化', '充电', 'Charge', 268, 'じゅうでん', 0, 20, 'Electric', 0, 0),
(100, '变化', '挑拨', 'Taunt', 269, 'ちょうはつ', 0, 20, 'Dark', 12, 0),
(0, '变化', '帮助', 'Helping Hand', 270, 'てだすけ', 0, 20, 'Normal', 0, 0),
(100, '变化', '骗术', 'Trick', 271, 'トリック', 0, 10, 'Psychic', 0, 0),
(0, '变化', '角色扮演', 'Role Play', 272, 'なりきり', 0, 10, 'Psychic', 0, 0),
(0, '变化', '祈求', 'Wish', 273, 'ねがいごと', 0, 10, 'Normal', 0, 0),
(0, '变化', '协助', 'Assist', 274, 'ねこのて', 0, 20, 'Normal', 0, 0),
(0, '变化', '根深蒂固', 'Ingrain', 275, 'ねをはる', 0, 20, 'Grass', 0, 0),
(100, '物理', '蛮力', 'Superpower', 276, 'ばかぢから', 120, 5, 'Fighting', 0, 0),
(0, '变化', '魔术外衣', 'Magic Coat', 277, 'マジックコート', 0, 15, 'Psychic', 0, 0),
(0, '变化', '回收', 'Recycle', 278, 'リサイクル', 0, 10, 'Normal', 0, 0),
(100, '物理', '报仇', 'Revenge', 279, 'リベンジ', 60, 10, 'Fighting', 0, 0),
(100, '物理', '劈瓦', 'Brick Break', 280, 'かわらわり', 75, 15, 'Fighting', 31, 0),
(0, '变化', '哈欠', 'Yawn', 281, 'あくび', 0, 10, 'Normal', 0, 0),
(100, '物理', '落拳', 'Knock Off', 282, 'はたきおとす', 65, 20, 'Dark', 0, 0),
(100, '物理', '强攻', 'Endeavor', 283, 'がむしゃら', 0, 5, 'Normal', 0, 0),
(100, '特殊', '喷火', 'Eruption', 284, 'ふんか', 150, 5, 'Fire', 0, 0),
(0, '变化', '交换绝招', 'Skill Swap', 285, 'スキルスワップ', 0, 10, 'Psychic', 0, 0),
(0, '变化', '封印', 'Imprison', 286, 'ふういん', 0, 10, 'Psychic', 0, 0),
(0, '变化', '清新', 'Refresh', 287, 'リフレッシュ', 0, 20, 'Normal', 0, 0),
(0, '变化', '怨恨', 'Grudge', 288, 'おんねん', 0, 5, 'Ghost', 0, 0),
(0, '变化', '抢夺', 'Snatch', 289, 'よこどり', 0, 10, 'Dark', 0, 0),
(100, '物理', '神秘力量', 'Secret Power', 290, 'ひみつのちから', 70, 20, 'Normal', 0, 0),
(100, '物理', '潜水', 'Dive', 291, 'ダイビング', 80, 10, 'Water', 0, 0),
(100, '物理', '猛推', 'Arm Thrust', 292, 'つっぱり', 15, 20, 'Fighting', 0, 0),
(0, '变化', '保护色', 'Camouflage', 293, 'ほごしょく', 0, 20, 'Normal', 0, 0),
(0, '变化', '萤火', 'Tail Glow', 294, 'ほたるび', 0, 20, 'Bug', 0, 0),
(100, '特殊', '洁净光泽', 'Luster Purge', 295, 'ラスターパージ', 70, 5, 'Psychic', 0, 0),
(100, '特殊', '薄雾球', 'Mist Ball', 296, 'ミストボール', 70, 5, 'Psychic', 0, 0),
(100, '变化', '羽毛舞', 'Feather Dance', 297, 'フェザーダンス', 0, 15, 'Fighting', 0, 0),
(100, '变化', '摇晃舞', 'Teeter Dance', 298, 'フラフラダンス', 0, 20, 'Normal', 0, 0),
(90, '物理', '火焰踢', 'Blaze Kick', 299, 'ブレイズキック', 85, 10, 'Fire', 0, 0),
(0, '变化', '玩泥巴', 'Mud Sport', 300, 'どろあそび', 0, 15, 'Ground', 0, 0),
(90, '物理', '冰球', 'Ice Ball', 301, 'アイスボール', 30, 20, 'Ice', 0, 0),
(100, '物理', '针叶暗器', 'Needle Arm', 302, 'ニードルアーム', 60, 15, 'Grass', 0, 0),
(0, '变化', '懒惰', 'Slack Off', 303, 'なまける', 0, 10, 'Normal', 0, 0),
(100, '特殊', '高音', 'Hyper Voice', 304, 'ハイパーボイス', 90, 10, 'Normal', 0, 0),
(100, '物理', '毒液牙', 'Poison Fang', 305, 'どくどくのキバ', 50, 15, 'Poison', 0, 0),
(95, '物理', '突击爪', 'Crush Claw', 306, 'ブレイククロー', 75, 10, 'Normal', 0, 0),
(90, '特殊', '爆炸燃烧', 'Blast Burn', 307, 'ブラストバーン', 150, 5, 'Fire', 0, 0),
(90, '特殊', '水电炮', 'Hydro Cannon', 308, 'ハイドロカノン', 150, 5, 'Water', 0, 0),
(90, '物理', '流星拳', 'Meteor Mash', 309, 'コメットパンチ', 90, 10, 'Steel', 0, 0),
(100, '物理', '惊吓', 'Astonish', 310, 'おどろかす', 30, 15, 'Ghost', 0, 0),
(100, '特殊', '气象球', 'Weather Ball', 311, 'ウェザーボール', 50, 10, 'Normal', 0, 0),
(0, '变化', '芳香治疗', 'Aromatherapy', 312, 'アロマセラピー', 0, 5, 'Grass', 0, 0),
(100, '变化', '假哭', 'Fake Tears', 313, 'うそなき', 0, 20, 'Dark', 0, 0),
(95, '特殊', '破空斩', 'Air Cutter', 314, 'エアカッター', 60, 25, 'Fighting', 0, 0),
(90, '特殊', '过热', 'Overheat', 315, 'オーバーヒート', 130, 5, 'Fire', 50, 0),
(0, '变化', '气味侦测', 'Odor Sleuth', 316, 'かぎわける', 0, 40, 'Normal', 0, 0),
(95, '物理', '岩石封闭', 'Rock Tomb', 317, 'がんせきふうじ', 60, 15, 'Rock', 39, 0),
(100, '特殊', '银色旋风', 'Silver Wind', 318, 'ぎんいろのかぜ', 60, 5, 'Bug', 0, 0),
(85, '变化', '金属音', 'Metal Sound', 319, 'きんぞくおん', 0, 40, 'Steel', 0, 0),
(55, '变化', '草笛魔音', 'Grass Whistle', 320, 'くさぶえ', 0, 15, 'Grass', 0, 0),
(100, '变化', '搔痒', 'Tickle', 321, 'くすぐる', 0, 20, 'Normal', 0, 0),
(0, '变化', '无限能量', 'Cosmic Power', 322, 'コスモパワー', 0, 20, 'Psychic', 0, 0),
(100, '特殊', '喷水', 'Water Spout', 323, 'しおふき', 150, 5, 'Water', 0, 0),
(100, '特殊', '信号光束', 'Signal Beam', 324, 'シグナルビーム', 75, 15, 'Bug', 0, 0),
(0, '物理', '影子拳', 'Shadow Punch', 325, 'シャドーパンチ', 60, 20, 'Ghost', 0, 0),
(100, '特殊', '神通力', 'Extrasensory', 326, 'じんつうりき', 80, 20, 'Psychic', 0, 0),
(90, '物理', '上天拳', 'Sky Uppercut', 327, 'スカイアッパー', 85, 15, 'Fighting', 0, 0),
(85, '物理', '流沙地狱', 'Sand Tomb', 328, 'すなじごく', 35, 15, 'Ground', 0, 0),
(30, '特殊', '绝对零度', 'Sheer Cold', 329, 'ぜったいれいど', 0, 5, 'Ice', 0, 0),
(85, '特殊', '浊流', 'Muddy Water', 330, 'だくりゅう', 90, 10, 'Water', 0, 0),
(100, '物理', '种子机关枪', 'Bullet Seed', 331, 'タネマシンガン', 25, 30, 'Grass', 0, 0),
(0, '物理', '回转攻', 'Aerial Ace', 332, 'つばめがえし', 60, 20, 'Fighting', 40, 0),
(100, '物理', '冰针', 'Icicle Spear', 333, 'つららばり', 25, 30, 'Ice', 0, 0),
(0, '变化', '铁壁', 'Iron Defense', 334, 'てっぺき', 0, 15, 'Steel', 0, 0),
(0, '变化', '挡路', 'Block', 335, 'とおせんぼう', 0, 5, 'Normal', 0, 0),
(0, '变化', '长嚎', 'Howl', 336, 'とおぼえ', 0, 40, 'Normal', 0, 0),
(100, '物理', '龙爪', 'Dragon Claw', 337, 'ドラゴンクロー', 80, 15, 'Dragon', 2, 0),
(90, '特殊', '疯狂机器', 'Frenzy Plant', 338, 'ハードプラント', 150, 5, 'Grass', 0, 0),
(0, '变化', '健美', 'Bulk Up', 339, 'ビルドアップ', 0, 20, 'Fighting', 8, 0),
(85, '物理', '飞跳', 'Bounce', 340, 'とびはねる', 85, 5, 'Fighting', 0, 0),
(95, '特殊', '泥巴射击', 'Mud Shot', 341, 'マッドショット', 55, 15, 'Ground', 0, 0),
(100, '物理', '毒尾', 'Poison Tail', 342, 'ポイズンテール', 50, 25, 'Poison', 0, 0),
(100, '物理', '渴望', 'Covet', 343, 'ほしがる', 60, 40, 'Normal', 0, 0),
(100, '物理', '伏特攻击', 'Volt Tackle', 344, 'ボルテッカー', 120, 15, 'Electric', 0, 0),
(0, '特殊', '魔法叶', 'Magical Leaf', 345, 'マジカルリーフ', 60, 20, 'Grass', 0, 0),
(0, '变化', '水之游', 'Water Sport', 346, 'みずあそび', 0, 15, 'Water', 0, 0),
(0, '变化', '冥想', 'Calm Mind', 347, 'めいそう', 0, 20, 'Psychic', 4, 0),
(100, '物理', '刀叶', 'Leaf Blade', 348, 'リーフブレード', 90, 15, 'Grass', 0, 0),
(0, '变化', '龙之舞', 'Dragon Dance', 349, 'りゅうのまい', 0, 20, 'Dragon', 0, 0),
(90, '物理', '岩石爆破', 'Rock Blast', 350, 'ロックブラスト', 25, 10, 'Rock', 0, 0),
(0, '特殊', '电击波', 'Shock Wave', 351, 'でんげきは', 60, 20, 'Electric', 0, 0),
(100, '特殊', '水波动', 'Water Pulse', 352, 'みずのはどう', 60, 20, 'Water', 0, 0),
(100, '特殊', '破灭愿望', 'Doom Desire', 353, 'はめつのねがい', 140, 5, 'Steel', 0, 0),
(90, '特殊', '精神提升', 'Psycho Boost', 354, 'サイコブースト', 140, 5, 'Psychic', 0, 0),
(0, '变化', '歇息', 'Roost', 355, 'はねやすめ', 0, 10, 'Fighting', 19, 0),
(0, '变化', '重力', 'Gravity', 356, 'じゅうりょく', 0, 5, 'Psychic', 0, 0),
(0, '变化', '奇迹眼', 'Miracle Eye', 357, 'ミラクルアイ', 0, 40, 'Psychic', 0, 0),
(100, '物理', '苏醒巴掌', 'Wake-Up Slap', 358, 'めざましビンタ', 70, 10, 'Fighting', 0, 0),
(90, '物理', '臂力拳', 'Hammer Arm', 359, 'アームハンマー', 100, 10, 'Fighting', 0, 0),
(100, '物理', '回转球', 'Gyro Ball', 360, 'ジャイロボール', 0, 5, 'Steel', 74, 0),
(0, '变化', '治愈愿望', 'Healing Wish', 361, 'いやしのねがい', 0, 10, 'Psychic', 0, 0),
(100, '特殊', '盐水', 'Brine', 362, 'しおみず', 65, 10, 'Water', 0, 0),
(100, '物理', '自然之恩', 'Natural Gift', 363, 'しぜんのめぐみ', 0, 15, 'Normal', 0, 0),
(100, '物理', '佯攻', 'Feint', 364, 'フェイント', 50, 10, 'Normal', 0, 0),
(100, '物理', '啄食', 'Pluck', 365, 'ついばむ', 60, 20, 'Fighting', 0, 0),
(0, '变化', '顺风', 'Tailwind', 366, 'おいかぜ', 0, 30, 'Fighting', 0, 0),
(0, '变化', '点穴', 'Acupressure', 367, 'つぼをつく', 0, 30, 'Normal', 0, 0),
(100, '物理', '合金爆裂', 'Metal Burst', 368, 'メタルバースト', 0, 10, 'Steel', 0, 0),
(100, '物理', '急速转变', 'U-turn', 369, 'とんぼがえり', 70, 20, 'Bug', 89, 0),
(100, '物理', '近身打', 'Close Combat', 370, 'インファイト', 120, 5, 'Fighting', 0, 0),
(100, '物理', '报复', 'Payback', 371, 'しっぺがえし', 50, 10, 'Dark', 66, 0),
(100, '物理', '再三嘱咐‎', 'Assurance', 372, 'ダメおし', 60, 10, 'Dark', 0, 0),
(100, '变化', '征收', 'Embargo', 373, 'さしおさえ', 0, 15, 'Dark', 63, 0),
(100, '物理', '投掷', 'Fling', 374, 'なげつける', 0, 10, 'Dark', 56, 0),
(100, '变化', '幻象转移', 'Psycho Shift', 375, 'サイコシフト', 0, 10, 'Psychic', 0, 0),
(0, '特殊', '王牌', 'Trump Card', 376, 'きりふだ', 0, 5, 'Normal', 0, 0),
(100, '变化', '回复阻挡', 'Heal Block', 377, 'かいふくふうじ', 0, 15, 'Psychic', 0, 0),
(100, '特殊', '拧干', 'Wring Out', 378, 'しぼりとる', 0, 5, 'Normal', 0, 0),
(0, '变化', '能量骗术', 'Power Trick', 379, 'パワートリック', 0, 10, 'Psychic', 0, 0),
(100, '变化', '胃液', 'Gastro Acid', 380, 'いえき', 0, 10, 'Poison', 0, 0),
(0, '变化', '幸运咒语', 'Lucky Chant', 381, 'おまじない', 0, 30, 'Normal', 0, 0),
(0, '变化', '先抢先赢', 'Me First', 382, 'さきどり', 0, 20, 'Normal', 0, 0),
(0, '变化', '仿造', 'Copycat', 383, 'まねっこ', 0, 20, 'Normal', 0, 0),
(0, '变化', '力量交换', 'Power Swap', 384, 'パワースワップ', 0, 10, 'Psychic', 0, 0),
(0, '变化', '防御交换', 'Guard Swap', 385, 'ガードスワップ', 0, 10, 'Psychic', 0, 0),
(100, '物理', '惩罚', 'Punishment', 386, 'おしおき', 0, 5, 'Dark', 0, 0),
(100, '物理', '珍藏', 'Last Resort', 387, 'とっておき', 140, 5, 'Normal', 0, 0),
(100, '变化', '烦恼种子', 'Worry Seed', 388, 'なやみのタネ', 0, 10, 'Grass', 0, 0),
(100, '物理', '突袭', 'Sucker Punch', 389, 'ふいうち', 80, 5, 'Dark', 0, 0),
(0, '变化', '毒尖钉', 'Toxic Spikes', 390, 'どくびし', 0, 20, 'Poison', 0, 0),
(0, '变化', '交换意志', 'Heart Swap', 391, 'ハートスワップ', 0, 10, 'Psychic', 0, 0),
(0, '变化', '水柱圈', 'Aqua Ring', 392, 'アクアリング', 0, 20, 'Water', 0, 0),
(0, '变化', '电磁浮游', 'Magnet Rise', 393, 'でんじふゆう', 0, 10, 'Electric', 0, 0),
(100, '物理', '爆炎电击', 'Flare Blitz', 394, 'フレアドライブ', 120, 15, 'Fire', 0, 0),
(100, '物理', '发劲', 'Force Palm', 395, 'はっけい', 60, 10, 'Fighting', 0, 0),
(0, '特殊', '波导弹', 'Aura Sphere', 396, 'はどうだん', 80, 20, 'Fighting', 0, 0),
(0, '变化', '磨光岩石', 'Rock Polish', 397, 'ロックカット', 0, 20, 'Rock', 69, 0),
(100, '物理', '毒刺', 'Poison Jab', 398, 'どくづき', 80, 20, 'Poison', 84, 0),
(100, '特殊', '恶波动', 'Dark Pulse', 399, 'あくのはどう', 80, 15, 'Dark', 97, 0),
(100, '物理', '街头试刀', 'Night Slash', 400, 'つじぎり', 70, 15, 'Dark', 0, 0),
(90, '物理', '水柱尾', 'Aqua Tail', 401, 'アクアテール', 90, 10, 'Water', 0, 0),
(100, '物理', '种子爆弹', 'Seed Bomb', 402, 'タネばくだん', 80, 15, 'Grass', 0, 0),
(95, '特殊', '空气砍', 'Air Slash', 403, 'エアスラッシュ', 75, 15, 'Fighting', 0, 0),
(100, '物理', '剪刀十字拳', 'X-Scissor', 404, 'シザークロス', 80, 15, 'Bug', 81, 0),
(100, '特殊', '虫鸣', 'Bug Buzz', 405, 'むしのさざめき', 90, 10, 'Bug', 0, 0),
(100, '特殊', '龙波动', 'Dragon Pulse', 406, 'りゅうのはどう', 85, 10, 'Dragon', 0, 0),
(75, '物理', '龙神俯冲', 'Dragon Rush', 407, 'ドラゴンダイブ', 100, 10, 'Dragon', 0, 0),
(100, '特殊', '力量宝石', 'Power Gem', 408, 'パワージェム', 80, 20, 'Rock', 0, 0),
(100, '物理', '吸收拳', 'Drain Punch', 409, 'ドレインパンチ', 75, 10, 'Fighting', 0, 0),
(100, '特殊', '真空波', 'Vacuum Wave', 410, 'しんくうは', 40, 30, 'Fighting', 0, 0),
(70, '特殊', '集气弹', 'Focus Blast', 411, 'きあいだま', 120, 5, 'Fighting', 52, 0),
(100, '特殊', '能源球', 'Energy Ball', 412, 'エナジーボール', 90, 10, 'Grass', 53, 0),
(100, '物理', '神鸟特攻', 'Brave Bird', 413, 'ブレイブバード', 120, 15, 'Fighting', 0, 0),
(100, '特殊', '大地之力', 'Earth Power', 414, 'だいちのちから', 90, 10, 'Ground', 0, 0),
(100, '变化', '掉包', 'Switcheroo', 415, 'すりかえ', 0, 10, 'Dark', 0, 0),
(90, '物理', '超极冲击', 'Giga Impact', 416, 'ギガインパクト', 150, 5, 'Normal', 68, 0),
(0, '变化', '诡计', 'Nasty Plot', 417, 'わるだくみ', 0, 20, 'Dark', 0, 0),
(100, '物理', '飞弹拳', 'Bullet Punch', 418, 'バレットパンチ', 40, 30, 'Steel', 0, 0),
(100, '物理', '雪崩', 'Avalanche', 419, 'ゆきなだれ', 60, 10, 'Ice', 0, 0),
(100, '物理', '冰粒', 'Ice Shard', 420, 'こおりのつぶて', 40, 30, 'Ice', 0, 0),
(100, '物理', '影子钩爪', 'Shadow Claw', 421, 'シャドークロー', 70, 15, 'Ghost', 65, 0),
(95, '物理', '雷牙', 'Thunder Fang', 422, 'かみなりのキバ', 65, 15, 'Electric', 0, 0),
(95, '物理', '冰牙', 'Ice Fang', 423, 'こおりのキバ', 65, 15, 'Ice', 0, 0),
(95, '物理', '炎牙', 'Fire Fang', 424, 'ほのおのキバ', 65, 15, 'Fire', 0, 0),
(100, '物理', '影子偷袭', 'Shadow Sneak', 425, 'かげうち', 40, 30, 'Ghost', 0, 0),
(85, '特殊', '泥巴爆弹', 'Mud Bomb', 426, 'どろばくだん', 65, 10, 'Ground', 0, 0),
(100, '物理', '幻象斩', 'Psycho Cut', 427, 'サイコカッター', 70, 20, 'Psychic', 0, 0),
(90, '物理', '意念头锤', 'Zen Headbutt', 428, 'しねんのずつき', 80, 15, 'Psychic', 0, 0),
(85, '特殊', '镜光射击', 'Mirror Shot', 429, 'ミラーショット', 65, 10, 'Steel', 0, 0),
(100, '特殊', '光泽电炮', 'Flash Cannon', 430, 'ラスターカノン', 80, 10, 'Steel', 91, 0),
(85, '物理', '攀登岩石', 'Rock Climb', 431, 'ロッククライム', 90, 20, 'Normal', 0, 0),
(0, '变化', '清除浓雾', 'Defog', 432, 'きりばらい', 0, 15, 'Fighting', 0, 0),
(0, '变化', '骗术空间', 'Trick Room', 433, 'トリックルーム', 0, 5, 'Psychic', 92, 0),
(90, '特殊', '天龙流星', 'Draco Meteor', 434, 'りゅうせいぐん', 130, 5, 'Dragon', 0, 0),
(100, '特殊', '放电', 'Discharge', 435, 'ほうでん', 80, 15, 'Electric', 0, 0),
(100, '特殊', '喷烟', 'Lava Plume', 436, 'ふんえん', 80, 15, 'Fire', 0, 0),
(90, '特殊', '叶暴风', 'Leaf Storm', 437, 'リーフストーム', 130, 5, 'Grass', 0, 0),
(85, '物理', '能量鞭打', 'Power Whip', 438, 'パワーウィップ', 120, 10, 'Grass', 0, 0),
(90, '物理', '岩石炮', 'Rock Wrecker', 439, 'がんせきほう', 150, 5, 'Rock', 0, 0),
(100, '物理', '十字毒药', 'Cross Poison', 440, 'クロスポイズン', 70, 20, 'Poison', 0, 0),
(80, '物理', '灰尘射击', 'Gunk Shot', 441, 'ダストシュート', 120, 5, 'Poison', 0, 0),
(100, '物理', '铁头', 'Iron Head', 442, 'アイアンヘッド', 80, 15, 'Steel', 0, 0),
(0, '物理', '磁铁爆弹', 'Magnet Bomb', 443, 'マグネットボム', 60, 20, 'Steel', 0, 0),
(80, '物理', '尖石攻击', 'Stone Edge', 444, 'ストーンエッジ', 100, 5, 'Rock', 71, 0),
(100, '变化', '诱惑', 'Captivate', 445, 'ゆうわく', 0, 20, 'Normal', 0, 0),
(0, '变化', '隐形岩', 'Stealth Rock', 446, 'ステルスロック', 0, 20, 'Rock', 0, 0),
(100, '特殊', '打草结', 'Grass Knot', 447, 'くさむすび', 0, 20, 'Grass', 86, 0),
(100, '特殊', '喋喋不休', 'Chatter', 448, 'おしゃべり', 60, 20, 'Fighting', 0, 0),
(100, '特殊', '制裁石砾', 'Judgment', 449, 'さばきのつぶて', 100, 10, 'Normal', 0, 0),
(100, '物理', '虫咬', 'Bug Bite', 450, 'むしくい', 60, 20, 'Bug', 0, 0),
(90, '特殊', '充电光束', 'Charge Beam', 451, 'チャージビーム', 50, 10, 'Electric', 57, 0),
(100, '物理', '木槌', 'Wood Hammer', 452, 'ウッドハンマー', 120, 15, 'Grass', 0, 0),
(100, '物理', '喷射水柱', 'Aqua Jet', 453, 'アクアジェット', 40, 20, 'Water', 0, 0),
(100, '物理', '攻击指令', 'Attack Order', 454, 'こうげきしれい', 90, 15, 'Bug', 0, 0),
(0, '变化', '防御指令', 'Defend Order', 455, 'ぼうぎょしれい', 0, 10, 'Bug', 0, 0),
(0, '变化', '回复指令', 'Heal Order', 456, 'かいふくしれい', 0, 10, 'Bug', 0, 0),
(80, '物理', '双刃头锤', 'Head Smash', 457, 'もろはのずつき', 150, 5, 'Rock', 0, 0),
(90, '物理', '双重攻击', 'Double Hit', 458, 'ダブルアタック', 35, 10, 'Normal', 0, 0),
(90, '特殊', '时间咆哮', 'Roar of Time', 459, 'ときのほうこう', 150, 5, 'Dragon', 0, 0),
(95, '特殊', '隔空切断', 'Spacial Rend', 460, 'あくうせつだん', 100, 5, 'Dragon', 0, 0),
(0, '变化', '新月舞', 'Lunar Dance', 461, 'みかづきのまい', 0, 10, 'Psychic', 0, 0),
(100, '物理', '捏碎', 'Crush Grip', 462, 'にぎりつぶす', 0, 5, 'Normal', 0, 0),
(75, '特殊', '岩浆暴风', 'Magma Storm', 463, 'マグマストーム', 120, 5, 'Fire', 0, 0),
(80, '变化', '黑洞', 'Dark Void', 464, 'ダークホール', 0, 10, 'Dark', 0, 0),
(85, '特殊', '种子闪光', 'Seed Flare', 465, 'シードフレア', 120, 5, 'Grass', 0, 0),
(100, '特殊', '奇异之风', 'Ominous Wind', 466, 'あやしいかぜ', 60, 5, 'Ghost', 0, 0),
(100, '物理', '影子潜水', 'Shadow Force', 467, 'シャドーダイブ', 120, 5, 'Ghost', 0, 0),
(0, '变化', '磨爪子', 'Hone Claws', 468, 'つめとぎ', 0, 15, 'Dark', 1, 0),
(0, '变化', '全体防御', 'Wide Guard', 469, 'ワイドガード', 0, 10, 'Rock', 0, 0),
(0, '变化', '防御平分', 'Guard Split', 470, 'ガードシェア', 0, 10, 'Psychic', 0, 0),
(0, '变化', '力量平分', 'Power Split', 471, 'パワーシェア', 0, 10, 'Psychic', 0, 0),
(0, '变化', '奇妙空间', 'Wonder Room', 472, 'ワンダールーム', 0, 10, 'Psychic', 0, 0),
(100, '特殊', '幻象攻击', 'Psyshock', 473, 'サイコショック', 80, 10, 'Psychic', 3, 0),
(100, '特殊', '毒液攻击', 'Venoshock', 474, 'ベノムショック', 65, 10, 'Poison', 9, 0),
(0, '变化', '体重减轻', 'Autotomize', 475, 'ボディパージ', 0, 15, 'Steel', 0, 0),
(0, '变化', '愤怒之粉', 'Rage Powder', 476, 'いかりのこな', 0, 20, 'Bug', 0, 0),
(0, '变化', '心灵传动术', 'Telekinesis', 477, 'テレキネシス', 0, 15, 'Psychic', 0, 0),
(0, '变化', '魔法空间', 'Magic Room', 478, 'マジックルーム', 0, 10, 'Psychic', 0, 0),
(100, '物理', '击落', 'Smack Down', 479, 'うちおとす', 50, 15, 'Rock', 23, 0),
(100, '物理', '山岚', 'Storm Throw', 480, 'やまあらし', 60, 10, 'Fighting', 0, 0),
(100, '特殊', '爆炸火焰', 'Flame Burst', 481, 'はじけるほのお', 70, 15, 'Fire', 0, 0),
(100, '特殊', '泥浆波', 'Sludge Wave', 482, 'ヘドロウェーブ', 95, 10, 'Poison', 34, 0),
(0, '变化', '蝶之舞', 'Quiver Dance', 483, 'ちょうのまい', 0, 20, 'Bug', 0, 0),
(100, '物理', '沉重轰炸', 'Heavy Slam', 484, 'ヘビーボンバー', 0, 10, 'Steel', 0, 0),
(100, '特殊', '同步干扰', 'Synchronoise', 485, 'シンクロノイズ', 120, 15, 'Psychic', 0, 0),
(100, '特殊', '电球', 'Electro Ball', 486, 'エレキボール', 0, 10, 'Electric', 0, 0),
(100, '变化', '浸水', 'Soak', 487, 'みずびたし', 0, 20, 'Water', 0, 0),
(100, '物理', '火焰袭击', 'Flame Charge', 488, 'ニトロチャージ', 50, 20, 'Fire', 43, 0),
(0, '变化', '盘卷', 'Coil', 489, 'とぐろをまく', 0, 20, 'Poison', 0, 0),
(100, '物理', '低空踢', 'Low Sweep', 490, 'ローキック', 65, 20, 'Fighting', 47, 0),
(100, '特殊', '酸液炸弹', 'Acid Spray', 491, 'アシッドボム', 40, 20, 'Poison', 0, 0),
(100, '物理', '诈欺', 'Foul Play', 492, 'イカサマ', 95, 15, 'Dark', 0, 0),
(100, '变化', '单纯光线', 'Simple Beam', 493, 'シンプルビーム', 0, 15, 'Normal', 0, 0),
(100, '变化', '变为同伴', 'Entrainment', 494, 'なかまづくり', 0, 15, 'Normal', 0, 0),
(0, '变化', '你先请', 'After You', 495, 'おさきにどうぞ', 0, 15, 'Normal', 0, 0),
(100, '特殊', '轮唱', 'Round', 496, 'りんしょう', 60, 15, 'Normal', 48, 0),
(100, '特殊', '回音', 'Echoed Voice', 497, 'エコーボイス', 40, 15, 'Normal', 49, 0),
(100, '物理', '循序渐进', 'Chip Away', 498, 'なしくずし', 70, 20, 'Normal', 0, 0),
(0, '特殊', '清除迷雾', 'Clear Smog', 499, 'クリアスモッグ', 50, 15, 'Poison', 0, 0),
(100, '特殊', '协助力量', 'Stored Power', 500, 'アシストパワー', 20, 10, 'Psychic', 0, 0),
(0, '变化', '先制防御', 'Quick Guard', 501, 'ファストガード', 0, 15, 'Fighting', 0, 0),
(0, '变化', '位置交换', 'Ally Switch', 502, 'サイドチェンジ', 0, 15, 'Psychic', 0, 0),
(100, '特殊', '热水', 'Scald', 503, 'ねっとう', 80, 15, 'Water', 55, 0),
(0, '变化', '破壳', 'Shell Smash', 504, 'からをやぶる', 0, 15, 'Normal', 0, 0),
(0, '变化', '治愈波动', 'Heal Pulse', 505, 'いやしのはどう', 0, 10, 'Psychic', 0, 0),
(100, '特殊', '厄运临头', 'Hex', 506, 'たたりめ', 65, 10, 'Ghost', 0, 0),
(100, '物理', '自由落体', 'Sky Drop', 507, 'フリーフォール', 60, 10, 'Fighting', 58, 0),
(0, '变化', '交换齿轮', 'Shift Gear', 508, 'ギアチェンジ', 0, 10, 'Steel', 0, 0),
(90, '物理', '巴投', 'Circle Throw', 509, 'ともえなげ', 60, 10, 'Fighting', 0, 0),
(100, '特殊', '烧尽', 'Incinerate', 510, 'やきつくす', 60, 15, 'Fire', 59, 0),
(100, '变化', '延后', 'Quash', 511, 'さきおくり', 0, 15, 'Dark', 60, 0),
(100, '物理', '特技演员', 'Acrobatics', 512, 'アクロバット', 55, 15, 'Fighting', 62, 0),
(0, '变化', '镜子系', 'Reflect Type', 513, 'ミラータイプ', 0, 15, 'Normal', 0, 0),
(100, '物理', '讨敌', 'Retaliate', 514, 'かたきうち', 70, 5, 'Normal', 67, 0),
(100, '特殊', '赌命', 'Final Gambit', 515, 'いのちがけ', 0, 5, 'Fighting', 0, 0),
(0, '变化', '礼物传递', 'Bestow', 516, 'ギフトパス', 0, 15, 'Normal', 0, 0),
(50, '特殊', '炼狱', 'Inferno', 517, 'れんごく', 100, 5, 'Fire', 0, 0),
(100, '特殊', '水的誓约', 'Water Pledge', 518, 'みずのちかい', 80, 10, 'Water', 0, 0),
(100, '特殊', '炎的誓约', 'Fire Pledge', 519, 'ほのおのちかい', 80, 10, 'Fire', 0, 0),
(100, '特殊', '草的誓约', 'Grass Pledge', 520, 'くさのちかい', 80, 10, 'Grass', 0, 0),
(100, '特殊', '交换伏特', 'Volt Switch', 521, 'ボルトチェンジ', 70, 20, 'Electric', 72, 0),
(100, '特殊', '虫的抵抗', 'Struggle Bug', 522, 'むしのていこう', 50, 20, 'Bug', 76, 0),
(100, '物理', '整地', 'Bulldoze', 523, 'じならし', 60, 20, 'Ground', 78, 0),
(90, '特殊', '冰吸', 'Frost Breath', 524, 'こおりのいぶき', 60, 10, 'Ice', 79, 0),
(90, '物理', '龙尾', 'Dragon Tail', 525, 'ドラゴンテール', 60, 10, 'Dragon', 82, 0),
(0, '变化', '自我激励', 'Work Up', 526, 'ふるいたてる', 0, 30, 'Normal', 0, 0),
(95, '特殊', '电网', 'Electroweb', 527, 'エレキネット', 55, 15, 'Electric', 0, 0),
(100, '物理', '疯狂伏特', 'Wild Charge', 528, 'ワイルドボルト', 90, 15, 'Electric', 93, 0),
(95, '物理', '低空钻', 'Drill Run', 529, 'ドリルライナー', 80, 10, 'Ground', 0, 0),
(90, '物理', '双重劈', 'Dual Chop', 530, 'ダブルチョップ', 40, 15, 'Dragon', 0, 0),
(100, '物理', '爱心捣击', 'Heart Stamp', 531, 'ハートスタンプ', 60, 25, 'Psychic', 0, 0),
(100, '物理', '木角', 'Horn Leech', 532, 'ウッドホーン', 75, 10, 'Grass', 0, 0),
(100, '物理', '圣剑', 'Sacred Sword', 533, 'せいなるつるぎ', 90, 20, 'Fighting', 0, 0),
(95, '物理', '贝壳刀', 'Razor Shell', 534, 'シェルブレード', 75, 10, 'Water', 0, 0),
(100, '物理', '高温捣击', 'Heat Crash', 535, 'ヒートスタンプ', 0, 10, 'Fire', 0, 0),
(90, '特殊', '青草搅拌器', 'Leaf Tornado', 536, 'グラスミキサー', 65, 10, 'Grass', 0, 0),
(100, '物理', '疯狂滚动', 'Steamroller', 537, 'ハードローラー', 65, 20, 'Bug', 0, 0),
(0, '变化', '棉花防御', 'Cotton Guard', 538, 'コットンガード', 0, 10, 'Grass', 0, 0),
(95, '特殊', '黑夜爆裂', 'Night Daze', 539, 'ナイトバースト', 85, 10, 'Dark', 0, 0),
(100, '特殊', '精神破坏', 'Psystrike', 540, 'サイコブレイク', 100, 10, 'Psychic', 0, 0),
(85, '物理', '扫巴掌', 'Tail Slap', 541, 'スイープビンタ', 25, 10, 'Normal', 0, 0),
(70, '特殊', '暴风', 'Hurricane', 542, 'ぼうふう', 120, 10, 'Fighting', 0, 0),
(100, '物理', '爆爆头突击', 'Head Charge', 543, 'アフロブレイク', 120, 15, 'Normal', 0, 0),
(85, '物理', '齿轮飞盘', 'Gear Grind', 544, 'ギアソーサー', 50, 15, 'Steel', 0, 0),
(100, '特殊', '火炎弹', 'Searing Shot', 545, 'かえんだん', 100, 5, 'Fire', 0, 0),
(100, '特殊', '破坏技术', 'Techno Blast', 546, 'テクノバスター', 85, 5, 'Normal', 0, 0),
(100, '特殊', '古老之歌', 'Relic Song', 547, 'いにしえのうた', 75, 10, 'Normal', 0, 0),
(100, '特殊', '神秘之剑', 'Secret Sword', 548, 'しんぴのつるぎ', 85, 10, 'Fighting', 0, 0),
(95, '特殊', '冰冻世界', 'Glaciate', 549, 'こごえるせかい', 65, 10, 'Ice', 0, 0),
(85, '物理', '雷击', 'Bolt Strike', 550, 'らいげき', 130, 5, 'Electric', 0, 0),
(85, '特殊', '青炎', 'Blue Flare', 551, 'あおいほのお', 130, 5, 'Fire', 0, 0),
(100, '特殊', '炎之舞', 'Fiery Dance', 552, 'ほのおのまい', 80, 10, 'Fire', 0, 0),
(90, '物理', '冻结伏特', 'Freeze Shock', 553, 'フリーズボルト', 140, 5, 'Ice', 0, 0),
(90, '特殊', '寒冷闪光', 'Ice Burn', 554, 'コールドフレア', 140, 5, 'Ice', 0, 0),
(95, '特殊', '大声咆哮', 'Snarl', 555, 'バークアウト', 55, 15, 'Dark', 95, 0),
(90, '物理', '掉落冰柱', 'Icicle Crash', 556, 'つららおとし', 85, 10, 'Ice', 0, 0),
(95, '物理', '胜利V热炎', 'V-create', 557, 'Ｖジェネレート', 180, 5, 'Fire', 0, 0),
(100, '特殊', '十字交叉火焰', 'Fusion Flare', 558, 'クロスフレイム', 100, 5, 'Fire', 0, 0),
(100, '物理', '十字交叉闪电', 'Fusion Bolt', 559, 'クロスサンダー', 100, 5, 'Electric', 0, 0),
(95, '物理', '飞行重压', 'Flying Press', 560, 'フライングプレス', 80, 10, 'Fighting', 0, 0),
(0, '变化', '垫返', 'Mat Block', 561, 'たたみがえし', 0, 15, 'Fighting', 0, 0),
(90, '特殊', '打嗝', 'Belch', 562, 'ゲップ', 120, 10, 'Poison', 0, 0),
(0, '变化', '耕地', 'Rototiller', 563, 'たがやす', 0, 10, 'Ground', 0, 0),
(0, '物理', '粘网', 'Sticky Web', 564, 'ねばねばネット', 0, 20, 'Bug', 0, 0),
(100, '物理', '击倒针刺', 'Fell Stinger', 565, 'とどめばり', 30, 25, 'Bug', 0, 0),
(100, '物理', '幽灵俯冲', 'Phantom Force', 566, 'ゴーストダイブ', 90, 10, 'Ghost', 0, 0),
(100, '变化', '万圣夜狂欢', 'Trick-or-Treat', 567, 'ハロウィン', 0, 20, 'Ghost', 0, 0),
(100, '变化', '战吼', 'Noble Roar', 568, 'おたけび', 0, 30, 'Normal', 0, 0),
(25, '变化', '电浆阵雨', 'Ion Deluge', 569, 'プラズマシャワー', 0, 25, 'Electric', 0, 0),
(100, '特殊', '抛物线充电', 'Parabolic Charge', 570, 'パラボラチャージ', 50, 20, 'Electric', 0, 0),
(100, '变化', '森林诅咒', 'Forest\'s Curse', 571, 'もりののろい', 0, 20, 'Grass', 0, 0),
(100, '物理', '花瓣暴风雪', 'Petal Blizzard', 572, 'はなふぶき', 90, 15, 'Grass', 0, 0),
(100, '特殊', '冰冻干燥', 'Freeze-Dry', 573, 'フリーズドライ', 70, 20, 'Ice', 0, 0),
(0, '特殊', '魅惑之音', 'Disarming Voice', 574, 'チャームボイス', 40, 15, 'Fairy', 0, 0),
(100, '变化', '放狠话', 'Parting Shot', 575, 'すてゼリフ', 0, 20, 'Dark', 0, 0),
(100, '变化', '翻倒', 'Topsy-Turvy', 576, 'ひっくりかえす', 0, 20, 'Dark', 0, 0),
(100, '特殊', '吸收之吻', 'Draining Kiss', 577, 'ドレインキッス', 50, 20, 'Fairy', 0, 0),
(0, '变化', '狡猾防御', 'Crafty Shield', 578, 'トリックガード', 0, 10, 'Fairy', 0, 0),
(0, '变化', '鲜花防御', 'Flower Shield', 579, 'フラワーガード', 0, 10, 'Fairy', 0, 0),
(0, '变化', '草原场地', 'Grassy Terrain', 580, 'グラスフィールド', 0, 10, 'Grass', 0, 0),
(0, '变化', '薄雾场地', 'Misty Terrain', 581, 'ミストフィールド', 0, 10, 'Fairy', 0, 0),
(0, '变化', '送电', 'Electrify', 582, 'そうでん', 0, 20, 'Electric', 0, 0),
(90, '物理', '嬉戏', 'Play Rough', 583, 'じゃれつく', 90, 15, 'Fairy', 0, 0),
(100, '特殊', '妖精之风', 'Fairy Wind', 584, 'ようせいのかぜ', 40, 30, 'Fairy', 0, 0),
(100, '特殊', '月之力量', 'Moonblast', 585, 'ムーンフォース', 95, 15, 'Fairy', 0, 0),
(100, '特殊', '爆音波', 'Boomburst', 586, 'ばくおんぱ', 140, 10, 'Normal', 0, 0),
(0, '变化', '妖精之锁', 'Fairy Lock', 587, 'フェアリーロック', 0, 10, 'Fairy', 0, 0),
(0, '变化', '王者之盾', 'King\'s Shield', 588, 'キングシールド', 0, 10, 'Steel', 0, 0),
(0, '变化', '做朋友', 'Play Nice', 589, 'なかよくする', 0, 20, 'Normal', 0, 0),
(0, '变化', '私话', 'Confide', 590, 'ないしょばなし', 0, 20, 'Normal', 100, 0),
(100, '物理', '水之手里剑', 'Water Shuriken', 594, 'みずしゅりけん', 15, 20, 'Water', 0, 0),
(100, '特殊', '魔法火焰', 'Mystical Fire', 595, 'マジカルフレイム', 65, 10, 'Fire', 0, 0),
(0, '变化', '刺针防御', 'Spiky Shield', 596, 'ニードルガード', 0, 10, 'Grass', 0, 0),
(100, '变化', '芳香薄雾', 'Aromatic Mist', 597, 'アロマミスト', 0, 20, 'Fairy', 0, 0),
(100, '变化', '怪电波', 'Eerie Impulse', 598, 'かいでんぱ', 0, 15, 'Electric', 0, 0),
(100, '物理', '毒液陷阱', 'Venom Drench', 599, 'ベノムトラップ', 0, 20, 'Poison', 0, 0),
(100, '变化', '粉尘', 'Powder', 600, 'ふんじん', 0, 20, 'Bug', 0, 0),
(0, '变化', '大地控制', 'Geomancy', 601, 'ジオコントロール', 0, 10, 'Fairy', 0, 0),
(0, '变化', '磁场操作', 'Magnetic Flux', 602, 'じばそうさ', 0, 20, 'Electric', 0, 0),
(0, '变化', '快乐时间', 'Happy Hour', 603, 'ハッピータイム', 0, 30, 'Normal', 0, 0),
(0, '变化', '电气场地', 'Electric Terrain', 604, 'エレキフィールド', 0, 10, 'Electric', 0, 0),
(100, '特殊', '魔法照耀', 'Dazzling Gleam', 605, 'マジカルシャイン', 80, 10, 'Fairy', 99, 0),
(0, '变化', '庆祝', 'Celebration', 606, 'おいわい', 0, 40, 'Normal', 0, 0),
(100, '变化', '圆滑目光', 'Baby-Doll Eyes', 608, 'つぶらなひとみ', 0, 30, 'Fairy', 0, 0),
(100, '物理', '蹭蹭脸', 'Nuzzle', 609, 'ほっぺすりすり', 20, 20, 'Electric', 0, 0),
(100, '特殊', '缠身', 'Infestation', 611, 'まとわりつく', 20, 35, 'Bug', 83, 0),
(100, '物理', '升力拳', 'Power-Up Punch', 612, 'グロウパンチ', 40, 30, 'Fighting', 98, 0),
(100, '特殊', '死亡之翼', 'Oblivion Wing', 613, 'デスウイング', 80, 10, 'Fighting', 0, 0),
(100, '物理', '大地原力', 'Land\'s Wrath', 616, 'グランドフォース', 90, 10, 'Ground', 0, 0),
(95, '物理', 'NULL', 'Diamond Storm', 617, 'ダイヤストーム', 100, 5, 'Rock', 0, 8),
(0, '特殊', 'NULL', 'Hyperspace Hole', 618, 'いじげんホール', 80, 5, 'Psychic', 0, 8),
(95, '特殊', 'NULL', 'Steam Eruption', 619, 'スチームバースト', 110, 5, 'Water', 0, 8);

-- --------------------------------------------------------

--
-- Table structure for table `Places`
--

CREATE TABLE `Places` (
  `PokemonID` int(11) NOT NULL,
  `Place` varchar(255) DEFAULT NULL
) ENGINE=InnoDB DEFAULT CHARSET=latin1;

--
-- Dumping data for table `Places`
--

INSERT INTO `Places` (`PokemonID`, `Place`) VALUES
(1, 'Pallet town, Cerlean city in Pokemon Yellow only'),
(2, 'Evolve from Bulbasaur'),
(3, 'Evolve from Ivysaur'),
(4, 'Evolve from Venusaur'),
(5, 'Pallet town, Cerlean city in Pokemon Yellow only'),
(6, 'Evolve from Charmander'),
(7, 'Evolve from Charmeleon'),
(8, 'Evolve from Charizard in Pokemon X'),
(9, 'Evolve from Charizard in Pokemon Y'),
(10, 'Pallet town, Cerlean city in Pokemon Yellow only'),
(11, 'Evolve from Squirtle'),
(12, 'Evolve from Wartortle'),
(13, 'Evolve from Blastoise'),
(14, 'Route 2,Route 24,Route 25, Viridian forest'),
(15, 'Route 2,Route 24,Route 25, Viridian forest'),
(16, 'Evolve from Metapod'),
(17, 'Route 2, Route 24,Route 25, Viridian forest'),
(18, 'Route 2, Route 24,Route 25, Viridian forest'),
(19, 'Evolve from Kakuna'),
(20, 'Evolve from Beedrill'),
(21, 'Route 1, Route 2, Route 3, Route 5, Route 6, Route 7, Route 8, Route 11, Route 12, Route 13, Route, 14, Route 15, Route21, Route 24, Route 25, Viridian forest'),
(22, 'Route 5, Route 6, Route 7, Route 8, Route 11, Route 12, Route 13, Route 14, Route 15, Route 21, Route 24, Route 25 Viridian forest'),
(23, 'Evolve from Pidgeotto'),
(24, 'Evolve from Pidgeot'),
(25, 'Route 1, Route 2, Route 3, Route 4, Route 5, Route 6, Route 7, Route 8, Route 9, Route 10, Route 11, Route 16, Route 18, Route 21, Route 22, Pokemon mansion'),
(26, 'Route 9, Route 10, Route 11, Route 16, Route 17, Route 18, Route 21, Pokemon mansion'),
(27, 'Route 3, Route 4, Route 9, Route 10, Route 16, Route 17, Route 18, Route 22, Route 23'),
(28, 'Route 9, Route 16, Route 17, Route 18, Route 23'),
(29, 'Route 4, Route 8, Route 9, Route 10, Route 11, Route 23'),
(30, 'Route 23, Cerulean cave'),
(31, 'Power palnt, Viridian forest'),
(32, 'Cerulean cave, Power plant'),
(33, 'Route 3, Route 4, Route 8, Route 9, Route 10, Route 23, Mt moon'),
(34, 'Route 23, Cerulean cave'),
(35, 'Route 2, Route 5, Route 9, Route 22, Safari zone, Underground path 5-6'),
(36, 'Route 11, Celadon city, Safari zone'),
(37, 'Evolve from Nidorina'),
(38, 'Route 2, Route 5, Route 9, Route 22, Safari zone, Underground path 5-6'),
(39, 'Route 11, Celadon city, Safari zone'),
(40, 'Evolve from Nidorino'),
(41, 'Celadon city, Mt moon'),
(42, 'Evolve from Clefairy'),
(43, 'Route 7, Route 8, Pokemon mansion'),
(44, 'Evolve from Vulpix'),
(45, 'Route 3, Route 5, Route 6, Route 7, Route 8, '),
(46, 'Evolve from Jigglypuff'),
(47, 'Mt moon, Rock tunnel, Seafoam islands, Victory Road'),
(48, 'Cerulean cave, Seafoam islands, Victory road'),
(49, 'Route 5, Route 6, Route 7, Route 12, Route 13, Route 14, Route 15, Route 24, Route 25'),
(50, 'Route 12, Route 13, Route 14, Route 15, Cerulean cave'),
(51, 'Evolve from Gloom'),
(52, 'Mt moon, Safari zone'),
(53, 'Route 18, Mt moon, Safari zone'),
(54, 'Route 12, Route 13, Route 14, Route 15, Route 24, Route 25, Safari zone'),
(55, 'Route 14, Route 15, Cerulean Cave, Safari Zone, Victory Road'),
(56, 'Diglett\'s cave'),
(57, 'Route 11, Diglett\'s cave'),
(58, 'Route 5, Route 6, Route 7, Route 8'),
(59, 'Evolve from Meowth'),
(60, 'Route 6, Route 24, Route 25, Seafoam Islands, Safari Zone'),
(61, 'Route 6, Seafoam islands'),
(62, 'Route 3, Route 4, Route 5, Route 6, Route 7, Route 8, Route 22, Route 23'),
(63, 'Route 23'),
(64, 'Route 7, Route 8, Pokemon mansion'),
(65, 'Evolve from Growlithe'),
(66, 'Route 6, Route 10, Route 11, Route 12, Route 13, Route 17, Route 18, Route 19, Route 20, Route 21, Route 22, Route 23, Route 24, Route 25, Celadon City, Cerulean Cave, Fuchsia City, Pallet Town, Seafoam Islands, Vermilion City, Viridian City, Safari Zone'),
(67, 'Route 10, Route 22, Route 23, Celadon City'),
(68, 'Evolve from Poliwhirl'),
(69, 'Route 5, Route 6, Route 7, Route 8, Route 24, Route 25, Celadon City'),
(70, 'Route 8, Cerulean Cave'),
(71, 'Evolve from Kadabra'),
(72, 'Evolve from Alakazam'),
(73, 'Route 10, Rock Tunnel, Victory Road'),
(74, 'Route 5, Victory Road, Underground Path 5-6'),
(75, 'Evolve from Machoke'),
(76, 'Route 5, Route 6, Route 7, Route 12, Route 13, Route 14, Route 15, Route 24, Route 25'),
(77, 'Route 12, Route 13, Route 14, Route 15, Cerulean Cave'),
(78, 'Evolve from Weepinbell'),
(79, 'Route 11, Route 12, Route 13, Route 17, Route 18, Route 19, Route 20, Route 21, Pallet Town, Seafoam Islands, Vermilion City, Viridian City'),
(80, 'Route 19, Route 20, Route 21'),
(81, 'Mt moon, Rock Tunnel, '),
(82, 'Cerulean Cave, Victory Road'),
(83, 'Evolve from Graveler'),
(84, 'Pokemon Mansion, Route 17'),
(85, 'Evolve Ponyta'),
(86, 'Route 10, Route 12, Route 13, Celadon City, Seafoam Islands, Safari Zone'),
(87, 'Route 23, Cerulean Cave, Seafoam Islands, Route 12, Route 13'),
(88, 'Evolve slowbro'),
(89, 'Route 10, Power Plant'),
(90, 'Cerulean Cave, Power Plant'),
(91, 'Vermilion City, Route 12, Route 13'),
(92, 'Route 16, 17, 18, Safari Zone'),
(93, 'Cerulean Cave, Route 17'),
(94, 'Cinnabar Island, Seafoam Islands'),
(95, 'Cinnabar Island, Seafoam Islands'),
(96, 'Power Plant, Pokémon Mansion'),
(97, 'Cinnabar Island, Power Plant, Pokémon Mansion'),
(98, 'Route 6, Route 11, Route 19, Route 20, Route 21, Seafoam Islands, Vermilion City, Route 6, Route 11, Route 19, Route 20, Route 21, Seafoam Islands, Vermilion City'),
(99, 'Evolve Shellder'),
(100, 'Pokemon Tower'),
(101, 'Pokemon Tower'),
(102, 'Evolve Gastly/Haunter'),
(103, 'Evolves From Gengar'),
(104, 'Rock Tunnel, Victory Road'),
(105, 'Route 11'),
(106, 'Cerulean Cave or Evolve Drowzee'),
(107, 'Route 6, Route 11, Route 12, Route 13, Route 17, Route 18, Route 24, Route 25, Fuchsia City, Vermilion City, Safari Zone, Seafoam Islands'),
(108, 'Route 23, Cerulean Cave, Route 10, Route 25, Seafoam Islands'),
(109, 'Route 10, Power Plant'),
(110, 'Cerulean Cave, Cinnabar Island, or Evolve Voltorb'),
(111, 'Safari Zone'),
(112, 'Evolve Exeggcute'),
(113, 'Pokemon Tower, Safari Zone'),
(114, 'Cerulean Cave, Victory Road, Safari Zone'),
(115, 'Saffron City'),
(116, 'Saffron City'),
(117, 'Route 18, Cerulean Cave'),
(118, 'Pokemon Mansion'),
(119, 'Pokemon Mansion'),
(120, 'Cerulean Cave, Safari Zone'),
(121, 'Cerulean Cave, Cinnabar Island'),
(122, 'Cerulean Cave, Safari Zone'),
(123, 'Route 21, Cinnabar Island, Safari Zone'),
(124, 'Safari Zone'),
(125, 'Evolve Kangaskhan'),
(126, 'Route 19, Route 20, Route 21, Seafoam Islands, Route 10, Route 11, Route 12, Route 13, Vermilion City'),
(127, 'Route 23, Cerulean Cave, Seafoam Islands, Route 23, Cerulean Cave, Route 12, Route 13'),
(128, 'Route 6, Route 10, Route 11, Route 12, Route 13, Route 17, Route 18, Route 19, Route 20, Route 21, Route 22, Route 23, Route 24, Route 25, Celadon City, Cerulean Cave, Fuchsia City, Pallet Town, Seafoam Islands, Vermilion City, Viridian City, Safari Zone'),
(129, 'Route 23, Cerulean Cave, Fuchsia City, Route 24, Cerulean Cave'),
(130, 'Route 19, 20, 21, Pallet Town, Seafoam Islands, Vermilion City'),
(131, 'Evolve Staryu'),
(132, 'Route 2'),
(133, 'Celadon City, Safari Zone'),
(134, 'Cerulean City'),
(135, 'Power Plant'),
(136, 'Pokémon Mansion'),
(137, 'Celadon City, Safari Zone'),
(138, 'Evolve Pinsir'),
(139, 'Safari Zone'),
(140, 'Route 4, Route 6, Route 10, Route 11, Route 12, Route 13, Route 17, Route 18, Route 19, Route 20, Route 21, Route 22, Route 23, Route 24, Route 25, Celadon City, Cerulean Cave, Fuchsia City, Pallet Town, Seafoam Islands, Vermilion City, Viridian City, Saf'),
(141, 'Fuchsia City'),
(142, 'Evolve Gyarados'),
(143, 'Silph Co'),
(144, 'Route 13, Route 14, Route 15, Route 23, Cerulean Cave, Pokémon Mansion'),
(145, 'Celadon City'),
(146, 'Evolve Eevee'),
(147, 'Evolve Eevee'),
(148, 'Evolve Eevee'),
(149, 'Celadon City'),
(150, 'Cinnabar Island'),
(151, 'Evolve Omanyte'),
(152, 'Cinnabar Island'),
(153, 'Evolve Kabuto'),
(154, 'Cinnabar Island'),
(155, 'Evolve Aerodactyl'),
(156, 'Route 12, Route 16'),
(157, 'Seafoam Islands'),
(158, 'Power Plant'),
(159, 'Victory Road'),
(160, 'Celadon City, Safari Zone'),
(161, 'Safari Zone'),
(162, 'Evolve Dragonair'),
(163, 'Cerulean Cave'),
(164, 'Evolve Mewtwo'),
(165, 'Evolve Mewtwo'),
(166, 'So rare that it is still said to be a mirage by many experts');

-- --------------------------------------------------------

--
-- Table structure for table `Pokemon`
--

CREATE TABLE `Pokemon` (
  `PokemonID` int(3) NOT NULL,
  `PokemonName` varchar(16) DEFAULT NULL,
  `DexNumber` int(3) DEFAULT NULL,
  `BaseHP` int(3) DEFAULT NULL,
  `BaseAtk` int(3) DEFAULT NULL,
  `BaseDef` int(3) DEFAULT NULL,
  `BaseSpA` int(3) DEFAULT NULL,
  `BaseSpD` int(3) DEFAULT NULL,
  `BaseSpe` int(3) DEFAULT NULL,
  `Type1` varchar(8) DEFAULT NULL,
  `Type2` varchar(8) DEFAULT NULL,
  `ImagePath` varchar(14) DEFAULT NULL,
  `EvolutionID` int(11) NOT NULL
) ENGINE=InnoDB DEFAULT CHARSET=utf8;

--
-- Dumping data for table `Pokemon`
--

INSERT INTO `Pokemon` (`PokemonID`, `PokemonName`, `DexNumber`, `BaseHP`, `BaseAtk`, `BaseDef`, `BaseSpA`, `BaseSpD`, `BaseSpe`, `Type1`, `Type2`, `ImagePath`, `EvolutionID`) VALUES
(1, 'Bulbasaur', 1, 45, 49, 49, 65, 65, 45, 'Grass', 'Poison', '1.png', 0),
(2, 'Ivysaur', 2, 60, 62, 63, 80, 80, 60, 'Grass', 'Poison', '2.png', 0),
(3, 'Venusaur', 3, 80, 82, 83, 100, 100, 80, 'Grass', 'Poison', '3.png', 0),
(4, 'Mega Venusaur', 3, 80, 100, 123, 122, 120, 80, 'Grass', 'Poison', '3-mega.png', 0),
(5, 'Charmander', 4, 39, 52, 43, 60, 50, 65, 'Fire', '', '4.png', 0),
(6, 'Charmeleon', 5, 58, 64, 58, 80, 65, 80, 'Fire', '', '5.png', 0),
(7, 'Charizard', 6, 78, 84, 78, 109, 85, 100, 'Fire', 'Flying', '6.png', 0),
(8, 'Mega Charizard X', 6, 78, 130, 111, 130, 85, 100, 'Fire', 'Dragon', '6-mega-x.png', 0),
(9, 'Mega Charizard Y', 6, 78, 104, 78, 159, 115, 100, 'Fire', 'Flying', '6-mega-y.png', 0),
(10, 'Squirtle', 7, 44, 48, 65, 50, 64, 43, 'Water', '', '7.png', 0),
(11, 'Wartortle', 8, 59, 63, 80, 65, 80, 58, 'Water', '', '8.png', 0),
(12, 'Blastoise', 9, 79, 83, 100, 85, 105, 78, 'Water', '', '9.png', 0),
(13, 'Mega Blastoise', 9, 79, 103, 120, 135, 115, 78, 'Water', '', '9-mega.png', 0),
(14, 'Caterpie', 10, 45, 30, 35, 20, 20, 45, 'Bug', '', '10.png', 0),
(15, 'Metapod', 11, 50, 20, 55, 25, 25, 30, 'Bug', '', '11.png', 0),
(16, 'Butterfree', 12, 60, 45, 50, 90, 80, 70, 'Bug', 'Flying', '12.png', 0),
(17, 'Weedle', 13, 40, 35, 30, 20, 20, 50, 'Bug', 'Poison', '13.png', 0),
(18, 'Kakuna', 14, 45, 25, 50, 25, 25, 35, 'Bug', 'Poison', '14.png', 0),
(19, 'Beedrill', 15, 65, 90, 40, 45, 80, 75, 'Bug', 'Poison', '15.png', 0),
(20, 'Mega Beedrill', 15, 65, 150, 40, 15, 80, 145, 'Bug', 'Poison', '15-mega.png', 0),
(21, 'Pidgey', 16, 40, 45, 40, 35, 35, 56, 'Normal', 'Flying', '16.png', 0),
(22, 'Pidgeotto', 17, 63, 60, 55, 50, 50, 71, 'Normal', 'Flying', '17.png', 0),
(23, 'Pidgeot', 18, 83, 80, 75, 70, 70, 101, 'Normal', 'Flying', '18.png', 0),
(24, 'Mega Pidgeot', 18, 83, 80, 80, 135, 80, 121, 'Normal', 'Flying', '18-mega.png', 0),
(25, 'Rattata', 19, 30, 56, 35, 25, 35, 72, 'Normal', '', '19.png', 0),
(26, 'Raticate', 20, 55, 81, 60, 50, 70, 97, 'Normal', '', '20.png', 0),
(27, 'Spearow', 21, 40, 60, 30, 31, 31, 70, 'Normal', 'Flying', '21.png', 0),
(28, 'Fearow', 22, 65, 90, 65, 61, 61, 100, 'Normal', 'Flying', '22.png', 0),
(29, 'Ekans', 23, 35, 60, 44, 40, 54, 55, 'Poison', '', '23.png', 0),
(30, 'Arbok', 24, 60, 85, 69, 65, 79, 80, 'Poison', '', '24.png', 0),
(31, 'Pikachu', 25, 35, 55, 40, 50, 50, 90, 'Electric', '', '25.png', 0),
(32, 'Raichu', 26, 60, 90, 55, 90, 80, 110, 'Electric', '', '26.png', 0),
(33, 'Sandshrew', 27, 50, 75, 85, 20, 30, 40, 'Ground', '', '27.png', 0),
(34, 'Sandslash', 28, 75, 100, 110, 45, 55, 65, 'Ground', '', '28.png', 0),
(35, 'Nidoran-F', 29, 55, 47, 52, 40, 40, 41, 'Poison', '', '29.png', 0),
(36, 'Nidorina', 30, 70, 62, 67, 55, 55, 56, 'Poison', '', '30.png', 0),
(37, 'Nidoqueen', 31, 90, 92, 87, 75, 85, 76, 'Poison', 'Ground', '31.png', 0),
(38, 'Nidoran-M', 32, 46, 57, 40, 40, 40, 50, 'Poison', '', '32.png', 0),
(39, 'Nidorino', 33, 61, 72, 57, 55, 55, 65, 'Poison', '', '33.png', 0),
(40, 'Nidoking', 34, 81, 102, 77, 85, 75, 85, 'Poison', 'Ground', '34.png', 0),
(41, 'Clefairy', 35, 70, 45, 48, 60, 65, 35, 'Fairy', '', '35.png', 0),
(42, 'Clefable', 36, 95, 70, 73, 95, 90, 60, 'Fairy', '', '36.png', 0),
(43, 'Vulpix', 37, 38, 41, 40, 50, 65, 65, 'Fire', '', '37.png', 0),
(44, 'Ninetales', 38, 73, 76, 75, 81, 100, 100, 'Fire', '', '38.png', 0),
(45, 'Jigglypuff', 39, 115, 45, 20, 45, 25, 20, 'Normal', 'Fairy', '39.png', 0),
(46, 'Wigglytuff', 40, 140, 70, 45, 85, 50, 45, 'Normal', 'Fairy', '40.png', 0),
(47, 'Zubat', 41, 40, 45, 35, 30, 40, 55, 'Poison', 'Flying', '41.png', 0),
(48, 'Golbat', 42, 75, 80, 70, 65, 75, 90, 'Poison', 'Flying', '42.png', 0),
(49, 'Oddish', 43, 45, 50, 55, 75, 65, 30, 'Grass', 'Poison', '43.png', 0),
(50, 'Gloom', 44, 60, 65, 70, 85, 75, 40, 'Grass', 'Poison', '44.png', 0),
(51, 'Vileplume', 45, 75, 80, 85, 110, 90, 50, 'Grass', 'Poison', '45.png', 0),
(52, 'Paras', 46, 35, 70, 55, 45, 55, 25, 'Bug', 'Grass', '46.png', 0),
(53, 'Parasect', 47, 60, 95, 80, 60, 80, 30, 'Bug', 'Grass', '47.png', 0),
(54, 'Venonat', 48, 60, 55, 50, 40, 55, 45, 'Bug', 'Poison', '48.png', 0),
(55, 'Venomoth', 49, 70, 65, 60, 90, 75, 90, 'Bug', 'Poison', '49.png', 0),
(56, 'Diglett', 50, 10, 55, 25, 35, 45, 95, 'Ground', '', '50.png', 0),
(57, 'Dugtrio', 51, 35, 80, 50, 50, 70, 120, 'Ground', '', '51.png', 0),
(58, 'Meowth', 52, 40, 45, 35, 40, 40, 90, 'Normal', '', '52.png', 0),
(59, 'Persian', 53, 65, 70, 60, 65, 65, 115, 'Normal', '', '53.png', 0),
(60, 'Psyduck', 54, 50, 52, 48, 65, 50, 55, 'Water', '', '54.png', 0),
(61, 'Golduck', 55, 80, 82, 78, 95, 80, 85, 'Water', '', '55.png', 0),
(62, 'Mankey', 56, 40, 80, 35, 35, 45, 70, 'Fighting', '', '56.png', 0),
(63, 'Primeape', 57, 65, 105, 60, 60, 70, 95, 'Fighting', '', '57.png', 0),
(64, 'Growlithe', 58, 55, 70, 45, 70, 50, 60, 'Fire', '', '58.png', 0),
(65, 'Arcanine', 59, 90, 110, 80, 100, 80, 95, 'Fire', '', '59.png', 0),
(66, 'Poliwag', 60, 40, 50, 40, 40, 40, 90, 'Water', '', '60.png', 0),
(67, 'Poliwhirl', 61, 65, 65, 65, 50, 50, 90, 'Water', '', '61.png', 0),
(68, 'Poliwrath', 62, 90, 95, 95, 70, 90, 70, 'Water', 'Fighting', '62.png', 0),
(69, 'Abra', 63, 25, 20, 15, 105, 55, 90, 'Psychic', '', '63.png', 0),
(70, 'Kadabra', 64, 40, 35, 30, 120, 70, 105, 'Psychic', '', '64.png', 0),
(71, 'Alakazam', 65, 55, 50, 45, 135, 95, 120, 'Psychic', '', '65.png', 0),
(72, 'Mega Alakazam', 65, 55, 50, 65, 175, 95, 150, 'Psychic', '', '65-mega.png', 0),
(73, 'Machop', 66, 70, 80, 50, 35, 35, 35, 'Fighting', '', '66.png', 0),
(74, 'Machoke', 67, 80, 100, 70, 50, 60, 45, 'Fighting', '', '67.png', 0),
(75, 'Machamp', 68, 90, 130, 80, 65, 85, 55, 'Fighting', '', '68.png', 0),
(76, 'Bellsprout', 69, 50, 75, 35, 70, 30, 40, 'Grass', 'Poison', '69.png', 0),
(77, 'Weepinbell', 70, 65, 90, 50, 85, 45, 55, 'Grass', 'Poison', '70.png', 0),
(78, 'Victreebel', 71, 80, 105, 65, 100, 70, 70, 'Grass', 'Poison', '71.png', 0),
(79, 'Tentacool', 72, 40, 40, 35, 50, 100, 70, 'Water', 'Poison', '72.png', 0),
(80, 'Tentacruel', 73, 80, 70, 65, 80, 120, 100, 'Water', 'Poison', '73.png', 0),
(81, 'Geodude', 74, 40, 80, 100, 30, 30, 20, 'Rock', 'Ground', '74.png', 0),
(82, 'Graveler', 75, 55, 95, 115, 45, 45, 35, 'Rock', 'Ground', '75.png', 0),
(83, 'Golem', 76, 80, 120, 130, 55, 65, 45, 'Rock', 'Ground', '76.png', 0),
(84, 'Ponyta', 77, 50, 85, 55, 65, 65, 90, 'Fire', '', '77.png', 0),
(85, 'Rapidash', 78, 65, 100, 70, 80, 80, 105, 'Fire', '', '78.png', 0),
(86, 'Slowpoke', 79, 90, 65, 65, 40, 40, 15, 'Water', 'Psychic', '79.png', 0),
(87, 'Slowbro', 80, 95, 75, 110, 100, 80, 30, 'Water', 'Psychic', '80.png', 0),
(88, 'Mega Slowbro', 80, 95, 75, 180, 130, 80, 30, 'Water', 'Psychic', '80-mega.png', 0),
(89, 'Magnemite', 81, 25, 35, 70, 95, 55, 45, 'Electric', 'Steel', '81.png', 0),
(90, 'Magneton', 82, 50, 60, 95, 120, 70, 70, 'Electric', 'Steel', '82.png', 0),
(91, 'Farfetchd', 83, 52, 65, 55, 58, 62, 60, 'Normal', 'Flying', '83.png', 0),
(92, 'Doduo', 84, 35, 85, 45, 35, 35, 75, 'Normal', 'Flying', '84.png', 0),
(93, 'Dodrio', 85, 60, 110, 70, 60, 60, 100, 'Normal', 'Flying', '85.png', 0),
(94, 'Seel', 86, 65, 45, 55, 45, 70, 45, 'Water', '', '86.png', 0),
(95, 'Dewgong', 87, 90, 70, 80, 70, 95, 70, 'Water', 'Ice', '07.png', 0),
(96, 'Grimer', 88, 80, 80, 50, 40, 50, 25, 'Poison', '', '88.png', 0),
(97, 'Muk', 89, 105, 105, 75, 65, 100, 50, 'Poison', '', '89.png', 0),
(98, 'Shellder', 90, 30, 65, 100, 45, 25, 40, 'Water', '', '90.png', 0),
(99, 'Cloyster', 91, 50, 95, 180, 85, 45, 70, 'Water', 'Ice', '91.png', 0),
(100, 'Gastly', 92, 30, 35, 30, 100, 35, 80, 'Ghost', 'Poison', '92.png', 0),
(101, 'Haunter', 93, 45, 50, 45, 115, 55, 95, 'Ghost', 'Poison', '93.png', 0),
(102, 'Gengar', 94, 60, 65, 60, 130, 75, 110, 'Ghost', 'Poison', '94.png', 0),
(103, 'Mega Gengar', 94, 60, 65, 80, 170, 95, 130, 'Ghost', 'Poison', '94-mega.png', 0),
(104, 'Onix', 95, 35, 45, 160, 30, 45, 70, 'Rock', 'Ground', '95.png', 0),
(105, 'Drowzee', 96, 60, 48, 45, 43, 90, 42, 'Psychic', '', '96.png', 0),
(106, 'Hypno', 97, 85, 73, 70, 73, 115, 67, 'Psychic', '', '97.png', 0),
(107, 'Krabby', 98, 30, 105, 90, 25, 25, 50, 'Water', '', '98.png', 0),
(108, 'Kingler', 99, 55, 130, 115, 50, 50, 75, 'Water', '', '99.png', 0),
(109, 'Voltorb', 100, 40, 30, 50, 55, 55, 100, 'Electric', '', '100.png', 0),
(110, 'Electrode', 101, 60, 50, 70, 80, 80, 140, 'Electric', '', '101.png', 0),
(111, 'Exeggcute', 102, 60, 40, 80, 60, 45, 40, 'Grass', 'Psychic', '102.png', 0),
(112, 'Exeggcutor', 103, 95, 95, 85, 125, 65, 55, 'Grass', 'Psychic', '103.png', 0),
(113, 'Cubone', 104, 50, 50, 95, 40, 50, 35, 'Ground', '', '104.png', 0),
(114, 'Marowak', 105, 60, 80, 110, 50, 80, 45, 'Ground', '', '105.png', 0),
(115, 'Hitmonlee', 106, 50, 120, 53, 35, 110, 87, 'Fighting', '', '106.png', 0),
(116, 'Hitmonchan', 107, 50, 105, 79, 35, 110, 76, 'Fighting', '', '107.png', 0),
(117, 'Lickitung', 108, 90, 55, 75, 60, 75, 30, 'Normal', '', '108.png', 0),
(118, 'Koffing', 109, 40, 65, 95, 60, 45, 35, 'Poison', '', '109.png', 0),
(119, 'Weezing', 110, 65, 90, 120, 85, 70, 60, 'Poison', '', '110.png', 0),
(120, 'Rhyhorn', 111, 80, 85, 95, 30, 30, 25, 'Ground', 'Rock', '111.png', 0),
(121, 'Rhydon', 112, 105, 130, 120, 45, 45, 40, 'Ground', 'Rock', '112.png', 0),
(122, 'Chansey', 113, 250, 5, 5, 35, 105, 50, 'Normal', '', '113.png', 0),
(123, 'Tangela', 114, 65, 55, 115, 100, 40, 60, 'Grass', '', '114.png', 0),
(124, 'Kangaskhan', 115, 105, 95, 80, 40, 80, 90, 'Normal', '', '115.png', 0),
(125, 'Mega Kangaskhan', 115, 105, 125, 100, 60, 100, 100, 'Normal', '', '115-mega.png', 0),
(126, 'Horsea', 116, 30, 40, 70, 70, 25, 60, 'Water', '', '116.png', 0),
(127, 'Seadra', 117, 55, 65, 95, 95, 45, 85, 'Water', '', '117.png', 0),
(128, 'Goldeen', 118, 45, 67, 60, 35, 50, 63, 'Water', '', '118.png', 0),
(129, 'Seaking', 119, 80, 92, 65, 65, 80, 68, 'Water', '', '119.png', 0),
(130, 'Staryu', 120, 30, 45, 55, 70, 55, 85, 'Water', '', '120.png', 0),
(131, 'Starmie', 121, 60, 75, 85, 100, 85, 115, 'Water', 'Psychic', '121.png', 0),
(132, 'Mr. Mime', 122, 40, 45, 65, 100, 120, 90, 'Psychic', 'Fairy', '122.png', 0),
(133, 'Scyther', 123, 70, 110, 80, 55, 80, 105, 'Bug', 'Flying', '123.png', 0),
(134, 'Jynx', 124, 65, 50, 35, 115, 95, 95, 'Ice', 'Psychic', '124.png', 0),
(135, 'Electabuzz', 125, 65, 83, 57, 95, 85, 105, 'Electric', '', '125.png', 0),
(136, 'Magmar', 126, 65, 95, 57, 100, 85, 93, 'Fire', '', '126.png', 0),
(137, 'Pinsir', 127, 65, 125, 100, 55, 70, 85, 'Bug', '', '127.png', 0),
(138, 'Mega Pinsir', 127, 65, 155, 120, 65, 90, 105, 'Bug', 'Flying', '127-mega.png', 0),
(139, 'Tauros', 128, 75, 100, 95, 40, 70, 110, 'Normal', '', '128.png', 0),
(140, 'Magikarp', 129, 20, 10, 55, 15, 20, 80, 'Water', '', '129.png', 0),
(141, 'Gyarados', 130, 95, 125, 79, 60, 100, 81, 'Water', 'Flying', '130.png', 0),
(142, 'Mega Gyarados', 130, 95, 155, 109, 70, 130, 81, 'Water', 'Dark', '130-mega.png', 0),
(143, 'Lapras', 131, 130, 85, 80, 85, 95, 60, 'Water', 'Ice', '131.png', 0),
(144, 'Ditto', 132, 48, 48, 48, 48, 48, 48, 'Normal', '', '132.png', 0),
(145, 'Eevee', 133, 55, 55, 50, 45, 65, 55, 'Normal', '', '133.png', 0),
(146, 'Vaporeon', 134, 130, 65, 60, 110, 95, 65, 'Water', '', '134.png', 0),
(147, 'Jolteon', 135, 65, 65, 60, 110, 95, 130, 'Electric', '', '135.png', 0),
(148, 'Flareon', 136, 65, 130, 60, 95, 110, 65, 'Fire', '', '136.png', 0),
(149, 'Porygon', 137, 65, 60, 70, 85, 75, 40, 'Normal', '', '137.png', 0),
(150, 'Omanyte', 138, 35, 40, 100, 90, 55, 35, 'Rock', 'Water', '138.png', 0),
(151, 'Omastar', 139, 70, 60, 125, 115, 70, 55, 'Rock', 'Water', '139.png', 0),
(152, 'Kabuto', 140, 30, 80, 90, 55, 45, 55, 'Rock', 'Water', '140.png', 0),
(153, 'Kabutops', 141, 60, 115, 105, 65, 70, 80, 'Rock', 'Water', '141.png', 0),
(154, 'Aerodactyl', 142, 80, 105, 65, 60, 75, 130, 'Rock', 'Flying', '142.png', 0),
(155, 'Mega Aerodactyl', 142, 80, 135, 85, 70, 95, 150, 'Rock', 'Flying', '142-mega.png', 0),
(156, 'Snorlax', 143, 160, 110, 65, 65, 110, 30, 'Normal', '', '143.png', 0),
(157, 'Articuno', 144, 90, 85, 100, 95, 125, 85, 'Ice', 'Flying', '144.png', 0),
(158, 'Zapdos', 145, 90, 90, 85, 125, 90, 100, 'Electric', 'Flying', '145.png', 0),
(159, 'Moltres', 146, 90, 100, 90, 125, 85, 90, 'Fire', 'Flying', '146.png', 0),
(160, 'Dratini', 147, 41, 64, 45, 50, 50, 50, 'Dragon', '', '147.png', 0),
(161, 'Dragonair', 148, 61, 84, 65, 70, 70, 70, 'Dragon', '', '148.png', 0),
(162, 'Dragonite', 149, 91, 134, 95, 100, 100, 80, 'Dragon', 'Flying', '149.png', 0),
(163, 'Mewtwo', 150, 106, 110, 90, 154, 90, 130, 'Psychic', '', '150.png', 0),
(164, 'Mega Mewtwo X', 150, 106, 190, 100, 154, 100, 130, 'Psychic', 'Fighting', '150-mega-x.png', 0),
(165, 'Mega Mewtwo Y', 150, 106, 150, 70, 194, 120, 140, 'Psychic', '', '150-mega-y.png', 0),
(166, 'Mew', 151, 100, 100, 100, 100, 100, 100, 'Psychic', '', '151.png', 0),
(167, 'Chikorita', 152, 45, 49, 65, 49, 65, 45, 'Grass', '', '152.png', 0),
(168, 'Bayleef', 153, 60, 62, 80, 63, 80, 60, 'Grass', '', '153.png', 0),
(169, 'Meganium', 154, 80, 82, 100, 83, 100, 80, 'Grass', '', '154.png', 0),
(170, 'Cyndaquil', 155, 39, 52, 43, 60, 50, 65, 'Fire', '', '155.png', 0),
(171, 'Quilava', 156, 58, 64, 58, 80, 65, 80, 'Fire', '', '156.png', 0),
(172, 'Typhlosion', 157, 78, 84, 78, 109, 85, 100, 'Fire', '', '157.png', 0),
(173, 'Totodile', 158, 50, 65, 64, 44, 48, 43, 'Water', '', '158.png', 0),
(174, 'Croconaw', 159, 65, 80, 80, 59, 63, 58, 'Water', '', '159.png', 0),
(175, 'Feraligatr', 160, 85, 105, 100, 79, 83, 78, 'Water', '', '160.png', 0),
(176, 'Sentret', 161, 35, 46, 34, 35, 45, 20, 'Normal', '', '161.png', 0),
(177, 'Furret', 162, 85, 76, 64, 45, 55, 90, 'Normal', '', '162.png', 0),
(178, 'Hoothoot', 163, 60, 30, 30, 36, 56, 50, 'Normal', 'Flying', '163.png', 0),
(179, 'Noctowl', 164, 100, 50, 50, 86, 96, 70, 'Normal', 'Flying', '164.png', 0),
(180, 'Ledyba', 165, 40, 20, 30, 40, 80, 55, 'Bug', 'Flying', '165.png', 0),
(181, 'Ledian', 166, 55, 35, 50, 55, 110, 85, 'Bug', 'Flying', '166.png', 0),
(182, 'Spinarak', 167, 40, 60, 40, 40, 40, 30, 'Bug', 'Poison', '167.png', 0),
(183, 'Ariados', 168, 70, 90, 70, 60, 70, 40, 'Bug', 'Poison', '168.png', 0),
(184, 'Crobat', 169, 85, 90, 80, 70, 80, 130, 'Poison', 'Flying', '169.png', 0),
(185, 'Chinchou', 170, 75, 38, 38, 56, 56, 67, 'Water', 'Electric', '170.png', 0),
(186, 'Lanturn', 171, 125, 58, 58, 76, 76, 67, 'Water', 'Electric', '171.png', 0),
(187, 'Pichu', 172, 20, 40, 15, 35, 35, 60, 'Electric', '', '172.png', 0),
(188, 'Cleffa', 173, 50, 25, 28, 45, 55, 15, 'Fairy', '', '173.png', 0),
(189, 'Igglybuff', 174, 90, 30, 15, 40, 20, 15, 'Normal', 'Fairy', '174.png', 0),
(190, 'Togepi', 175, 35, 20, 65, 40, 65, 20, 'Fairy', '', '175.png', 0),
(191, 'Togetic', 176, 55, 40, 85, 80, 105, 40, 'Fairy', 'Flying', '176.png', 0),
(192, 'Natu', 177, 40, 50, 45, 70, 45, 70, 'Psychic', 'Flying', '177.png', 0),
(193, 'Xatu', 178, 65, 75, 70, 95, 70, 95, 'Psychic', 'Flying', '178.png', 0),
(194, 'Mareep', 179, 55, 40, 40, 65, 45, 35, 'Electric', '', '179.png', 0),
(195, 'Flaaffy', 180, 70, 55, 55, 80, 60, 45, 'Electric', '', '180.png', 0),
(196, 'Ampharos', 181, 90, 75, 85, 115, 90, 55, 'Electric', '', '181.png', 0),
(197, 'Bellossom', 182, 75, 80, 95, 90, 100, 50, 'Grass', '', '182.png', 0),
(198, 'Marill', 183, 70, 20, 50, 20, 50, 40, 'Water', 'Fairy', '183.png', 0),
(199, 'Azumarill', 184, 100, 50, 80, 60, 80, 50, 'Water', 'Fairy', '184.png', 0),
(200, 'Sudowoodo', 185, 70, 100, 115, 30, 65, 30, 'Rock', '', '185.png', 0),
(201, 'Politoed', 186, 90, 75, 75, 90, 100, 70, 'Water', '', '186.png', 0),
(202, 'Hoppip', 187, 35, 35, 40, 35, 55, 50, 'Grass', 'Flying', '187.png', 0),
(203, 'Skiploom', 188, 55, 45, 50, 45, 65, 80, 'Grass', 'Flying', '188.png', 0),
(204, 'Jumpluff', 189, 75, 55, 70, 55, 95, 110, 'Grass', 'Flying', '189.png', 0),
(205, 'Aipom', 190, 55, 70, 55, 40, 55, 85, 'Normal', '', '190.png', 0),
(206, 'Sunkern', 191, 30, 30, 30, 30, 30, 30, 'Grass', '', '191.png', 0),
(207, 'Sunflora', 192, 75, 75, 55, 105, 85, 30, 'Grass', '', '192.png', 0),
(208, 'Yanma', 193, 65, 65, 45, 75, 45, 95, 'Bug', 'Flying', '193.png', 0),
(209, 'Wooper', 194, 55, 45, 45, 25, 25, 15, 'Water', 'Ground', '194.png', 0),
(210, 'Quagsire', 195, 95, 85, 85, 65, 65, 35, 'Water', 'Ground', '195.png', 0),
(211, 'Espeon', 196, 65, 65, 60, 130, 95, 110, 'Psychic', '', '196.png', 0),
(212, 'Umbreon', 197, 95, 65, 110, 60, 130, 65, 'Dark', '', '197.png', 0),
(213, 'Murkrow', 198, 60, 85, 42, 85, 42, 91, 'Dark', 'Flying', '198.png', 0),
(214, 'Slowking', 199, 95, 75, 80, 100, 110, 30, 'Water', 'Psychic', '199.png', 0),
(215, 'Misdreavus', 200, 60, 60, 60, 85, 85, 85, 'Ghost', '', '200.png', 0),
(216, 'Unown', 201, 48, 72, 48, 72, 48, 48, 'Psychic', '', '201.png', 0),
(217, 'Wobbuffet', 202, 190, 33, 58, 33, 58, 33, 'Psychic', '', '202.png', 0),
(218, 'Girafarig', 203, 70, 80, 65, 90, 65, 85, 'Normal', 'Psychic', '203.png', 0),
(219, 'Pineco', 204, 50, 65, 90, 35, 35, 15, 'Bug', '', '204.png', 0),
(220, 'Forretress', 205, 75, 90, 140, 60, 60, 40, 'Bug', 'Steel', '205.png', 0),
(221, 'Dunsparce', 206, 100, 70, 70, 65, 65, 45, 'Normal', '', '206.png', 0),
(222, 'Gligar', 207, 65, 75, 105, 35, 65, 85, 'Ground', 'Flying', '207.png', 0),
(223, 'Steelix', 208, 75, 85, 200, 55, 65, 30, 'Steel', 'Ground', '208.png', 0),
(224, 'Snubbull', 209, 60, 80, 50, 40, 40, 30, 'Fairy', '', '209.png', 0),
(225, 'Granbull', 210, 90, 120, 75, 60, 60, 45, 'Fairy', '', '210.png', 0),
(226, 'Qwilfish', 211, 65, 95, 85, 55, 55, 85, 'Water', 'Poison', '211.png', 0),
(227, 'Scizor', 212, 70, 130, 100, 55, 80, 65, 'Bug', 'Steel', '212.png', 0),
(228, 'Shuckle', 213, 20, 10, 230, 10, 230, 5, 'Bug', 'Rock', '213.png', 0),
(229, 'Heracross', 214, 80, 125, 75, 40, 95, 85, 'Bug', 'Fighting', '214.png', 0),
(230, 'Sneasel', 215, 55, 95, 55, 35, 75, 115, 'Dark', 'Ice', '215.png', 0),
(231, 'Teddiursa', 216, 60, 80, 50, 50, 50, 40, 'Normal', '', '216.png', 0),
(232, 'Ursaring', 217, 90, 130, 75, 75, 75, 55, 'Normal', '', '217.png', 0),
(233, 'Slugma', 218, 40, 40, 40, 70, 40, 20, 'Fire', '', '218.png', 0),
(234, 'Magcargo', 219, 60, 50, 120, 90, 80, 30, 'Fire', 'Rock', '219.png', 0),
(235, 'Swinub', 220, 50, 50, 40, 30, 30, 50, 'Ice', 'Ground', '220.png', 0),
(236, 'Piloswine', 221, 100, 100, 80, 60, 60, 50, 'Ice', 'Ground', '221.png', 0),
(237, 'Corsola', 222, 65, 55, 95, 65, 95, 35, 'Water', 'Rock', '222.png', 0),
(238, 'Remoraid', 223, 35, 65, 35, 65, 35, 65, 'Water', '', '223.png', 0),
(239, 'Octillery', 224, 75, 105, 75, 105, 75, 45, 'Water', '', '224.png', 0),
(240, 'Delibird', 225, 45, 55, 45, 65, 45, 75, 'Ice', 'Flying', '225.png', 0),
(241, 'Mantine', 226, 85, 40, 70, 80, 140, 70, 'Water', 'Flying', '226.png', 0),
(242, 'Skarmory', 227, 65, 80, 140, 40, 70, 70, 'Steel', 'Flying', '227.png', 0),
(243, 'Houndour', 228, 45, 60, 30, 80, 50, 65, 'Dark', 'Fire', '228.png', 0),
(244, 'Houndoom', 229, 75, 90, 50, 110, 80, 95, 'Dark', 'Fire', '229.png', 0),
(245, 'Kingdra', 230, 75, 95, 95, 95, 95, 85, 'Water', 'Dragon', '230.png', 0),
(246, 'Phanpy', 231, 90, 60, 60, 40, 40, 40, 'Ground', '', '231.png', 0),
(247, 'Donphan', 232, 90, 120, 120, 60, 60, 50, 'Ground', '', '232.png', 0),
(248, 'Porygon2', 233, 85, 80, 90, 105, 95, 60, 'Normal', '', '233.png', 0),
(249, 'Stantler', 234, 73, 95, 62, 85, 65, 85, 'Normal', '', '234.png', 0),
(250, 'Smeargle', 235, 55, 20, 35, 20, 45, 75, 'Normal', '', '235.png', 0),
(251, 'Tyrogue', 236, 35, 35, 35, 35, 35, 35, 'Fighting', '', '236.png', 0),
(252, 'Hitmontop', 237, 50, 95, 95, 35, 110, 70, 'Fighting', '', '237.png', 0),
(253, 'Smoochum', 238, 45, 30, 15, 85, 65, 65, 'Ice', 'Psychic', '238.png', 0),
(254, 'Elekid', 239, 45, 63, 37, 65, 55, 95, 'Electric', '', '239.png', 0),
(255, 'Magby', 240, 45, 75, 37, 70, 55, 83, 'Fire', '', '240.png', 0),
(256, 'Miltank', 241, 95, 80, 105, 40, 70, 100, 'Normal', '', '241.png', 0),
(257, 'Blissey', 242, 255, 10, 10, 75, 135, 55, 'Normal', '', '242.png', 0),
(258, 'Raikou', 243, 90, 85, 75, 115, 100, 115, 'Electric', '', '243.png', 0),
(259, 'Entei', 244, 115, 115, 85, 90, 75, 100, 'Fire', '', '244.png', 0),
(260, 'Suicune', 245, 100, 75, 115, 90, 115, 85, 'Water', '', '245.png', 0),
(261, 'Larvitar', 246, 50, 64, 50, 45, 50, 41, 'Rock', 'Ground', '246.png', 0),
(262, 'Pupitar', 247, 70, 84, 70, 65, 70, 51, 'Rock', 'Ground', '247.png', 0),
(263, 'Tyranitar', 248, 100, 134, 110, 95, 100, 61, 'Rock', 'Dark', '248.png', 0),
(264, 'Lugia', 249, 106, 90, 130, 90, 154, 110, 'Psychic', 'Flying', '249.png', 0),
(265, 'Ho-Oh', 250, 106, 130, 90, 110, 154, 90, 'Fire', 'Flying', '250.png', 0),
(266, 'Celebi', 251, 100, 100, 100, 100, 100, 100, 'Psychic', 'Grass', '251.png', 0),
(267, 'Treecko', 252, 40, 45, 35, 65, 55, 70, 'Grass', '', '252.png', 0),
(268, 'Grovyle', 253, 50, 65, 45, 85, 65, 95, 'Grass', '', '253.png', 0),
(269, 'Sceptile', 254, 70, 85, 65, 105, 85, 120, 'Grass', '', '254.png', 0),
(270, 'Torchic', 255, 45, 60, 40, 70, 50, 45, 'Fire', '', '255.png', 0),
(271, 'Combusken', 256, 60, 85, 60, 85, 60, 55, 'Fire', 'Fighting', '256.png', 0),
(272, 'Blaziken', 257, 80, 120, 70, 110, 70, 80, 'Fire', 'Fighting', '257.png', 0),
(273, 'Mudkip', 258, 50, 70, 50, 50, 50, 40, 'Water', '', '258.png', 0),
(274, 'Marshtomp', 259, 70, 85, 70, 60, 70, 50, 'Water', 'Ground', '259.png', 0),
(275, 'Swampert', 260, 100, 110, 90, 85, 90, 60, 'Water', 'Ground', '260.png', 0),
(276, 'Poochyena', 261, 35, 55, 35, 30, 30, 35, 'Dark', '', '261.png', 0),
(277, 'Mightyena', 262, 70, 90, 70, 60, 60, 70, 'Dark', '', '262.png', 0),
(278, 'Zigzagoon', 263, 38, 30, 41, 30, 41, 60, 'Normal', '', '263.png', 0),
(279, 'Linoone', 264, 78, 70, 61, 50, 61, 100, 'Normal', '', '264.png', 0),
(280, 'Wurmple', 265, 45, 45, 35, 20, 30, 20, 'Bug', '', '265.png', 0),
(281, 'Silcoon', 266, 50, 35, 55, 25, 25, 15, 'Bug', '', '266.png', 0),
(282, 'Beautifly', 267, 60, 70, 50, 100, 50, 65, 'Bug', 'Flying', '267.png', 0),
(283, 'Cascoon', 268, 50, 35, 55, 25, 25, 15, 'Bug', '', '268.png', 0),
(284, 'Dustox', 269, 60, 50, 70, 50, 90, 65, 'Bug', 'Poison', '269.png', 0),
(285, 'Lotad', 270, 40, 30, 30, 40, 50, 30, 'Water', 'Grass', '270.png', 0),
(286, 'Lombre', 271, 60, 50, 50, 60, 70, 50, 'Water', 'Grass', '271.png', 0),
(287, 'Ludicolo', 272, 80, 70, 70, 90, 100, 70, 'Water', 'Grass', '272.png', 0),
(288, 'Seedot', 273, 40, 40, 50, 30, 30, 30, 'Grass', '', '273.png', 0),
(289, 'Nuzleaf', 274, 70, 70, 40, 60, 40, 60, 'Grass', 'Dark', '274.png', 0),
(290, 'Shiftry', 275, 90, 100, 60, 90, 60, 80, 'Grass', 'Dark', '275.png', 0),
(291, 'Taillow', 276, 40, 55, 30, 30, 30, 85, 'Normal', 'Flying', '276.png', 0),
(292, 'Swellow', 277, 60, 85, 60, 75, 50, 125, 'Normal', 'Flying', '277.png', 0),
(293, 'Wingull', 278, 40, 30, 30, 55, 30, 85, 'Water', 'Flying', '278.png', 0),
(294, 'Pelipper', 279, 60, 50, 100, 95, 70, 65, 'Water', 'Flying', '279.png', 0),
(295, 'Ralts', 280, 28, 25, 25, 45, 35, 40, 'Psychic', 'Fairy', '280.png', 0),
(296, 'Kirlia', 281, 38, 35, 35, 65, 55, 50, 'Psychic', 'Fairy', '281.png', 0),
(297, 'Gardevoir', 282, 68, 65, 65, 125, 115, 80, 'Psychic', 'Fairy', '282.png', 0),
(298, 'Surskit', 283, 40, 30, 32, 50, 52, 65, 'Bug', 'Water', '283.png', 0),
(299, 'Masquerain', 284, 70, 60, 62, 100, 82, 80, 'Bug', 'Flying', '284.png', 0),
(300, 'Shroomish', 285, 60, 40, 60, 40, 60, 35, 'Grass', '', '285.png', 0),
(301, 'Breloom', 286, 60, 130, 80, 60, 60, 70, 'Grass', 'Fighting', '286.png', 0),
(302, 'Slakoth', 287, 60, 60, 60, 35, 35, 30, 'Normal', '', '287.png', 0),
(303, 'Vigoroth', 288, 80, 80, 80, 55, 55, 90, 'Normal', '', '288.png', 0),
(304, 'Slaking', 289, 150, 160, 100, 95, 65, 100, 'Normal', '', '289.png', 0),
(305, 'Nincada', 290, 31, 45, 90, 30, 30, 40, 'Bug', 'Ground', '290.png', 0),
(306, 'Ninjask', 291, 61, 90, 45, 50, 50, 160, 'Bug', 'Flying', '291.png', 0),
(307, 'Shedinja', 292, 1, 90, 45, 30, 30, 40, 'Bug', 'Ghost', '292.png', 0),
(308, 'Whismur', 293, 64, 51, 23, 51, 23, 28, 'Normal', '', '293.png', 0),
(309, 'Loudred', 294, 84, 71, 43, 71, 43, 48, 'Normal', '', '294.png', 0),
(310, 'Exploud', 295, 104, 91, 63, 91, 73, 68, 'Normal', '', '295.png', 0),
(311, 'Makuhita', 296, 72, 60, 30, 20, 30, 25, 'Fighting', '', '296.png', 0),
(312, 'Hariyama', 297, 144, 120, 60, 40, 60, 50, 'Fighting', '', '297.png', 0),
(313, 'Azurill', 298, 50, 20, 40, 20, 40, 20, 'Normal', 'Fairy', '298.png', 0),
(314, 'Nosepass', 299, 30, 45, 135, 45, 90, 30, 'Rock', '', '299.png', 0),
(315, 'Skitty', 300, 50, 45, 45, 35, 35, 50, 'Normal', '', '300.png', 0),
(316, 'Delcatty', 301, 70, 65, 65, 55, 55, 90, 'Normal', '', '301.png', 0),
(317, 'Sableye', 302, 50, 75, 75, 65, 65, 50, 'Dark', 'Ghost', '302.png', 0),
(318, 'Mawile', 303, 50, 85, 85, 55, 55, 50, 'Steel', 'Fairy', '303.png', 0),
(319, 'Aron', 304, 50, 70, 100, 40, 40, 30, 'Steel', 'Rock', '304.png', 0),
(320, 'Lairon', 305, 60, 90, 140, 50, 50, 40, 'Steel', 'Rock', '305.png', 0),
(321, 'Aggron', 306, 70, 110, 180, 60, 60, 50, 'Steel', 'Rock', '306.png', 0),
(322, 'Meditite', 307, 30, 40, 55, 40, 55, 60, 'Fighting', 'Psychic', '307.png', 0),
(323, 'Medicham', 308, 60, 60, 75, 60, 75, 80, 'Fighting', 'Psychic', '308.png', 0),
(324, 'Electricke', 309, 40, 45, 40, 65, 40, 65, 'Electric', '', '309.png', 0),
(325, 'Manectric', 310, 70, 75, 60, 105, 60, 105, 'Electric', '', '310.png', 0),
(326, 'Plusle', 311, 60, 50, 40, 85, 75, 95, 'Electric', '', '311.png', 0),
(327, 'Minun', 312, 60, 40, 50, 75, 85, 95, 'Electric', '', '312.png', 0),
(328, 'Volbeat', 313, 65, 73, 75, 47, 85, 85, 'Bug', '', '313.png', 0),
(329, 'Illumise', 314, 65, 47, 75, 73, 85, 85, 'Bug', '', '314.png', 0),
(330, 'Roselia', 315, 50, 60, 45, 100, 80, 65, 'Grass', 'Poison', '315.png', 0),
(331, 'Gulpin', 316, 70, 43, 53, 43, 53, 40, 'Poison', '', '316.png', 0),
(332, 'Swalot', 317, 100, 73, 83, 73, 83, 55, 'Poison', '', '317.png', 0),
(333, 'Carvanha', 318, 45, 90, 20, 65, 20, 65, 'Water', 'Dark', '318.png', 0),
(334, 'Sharpedo', 319, 70, 120, 40, 95, 40, 95, 'Water', 'Dark', '319.png', 0),
(335, 'Wailmer', 320, 130, 70, 35, 70, 35, 60, 'Water', '', '320.png', 0),
(336, 'Wailord', 321, 170, 90, 45, 90, 45, 60, 'Water', '', '321.png', 0),
(337, 'Numel', 322, 60, 60, 40, 65, 45, 35, 'Fire', 'Ground', '322.png', 0),
(338, 'Camerupt', 323, 70, 100, 70, 105, 75, 40, 'Fire', 'Ground', '323.png', 0),
(339, 'Torkoal', 324, 70, 85, 140, 85, 70, 20, 'Fire', '', '324.png', 0),
(340, 'Spoink', 325, 60, 25, 35, 70, 80, 60, 'Psychic', '', '325.png', 0),
(341, 'Grumpig', 326, 80, 45, 65, 90, 110, 80, 'Psychic', '', '326.png', 0),
(342, 'Spinda', 327, 60, 60, 60, 60, 60, 60, 'Normal', '', '327.png', 0),
(343, 'Trapinch', 328, 45, 100, 45, 45, 45, 10, 'Ground', '', '328.png', 0),
(344, 'Vibrava', 329, 50, 70, 50, 50, 50, 70, 'Ground', 'Dragon', '329.png', 0),
(345, 'Flygon', 330, 80, 100, 80, 80, 80, 100, 'Ground', 'Dragon', '330.png', 0),
(346, 'Cacnea', 331, 50, 85, 40, 85, 40, 35, 'Grass', '', '331.png', 0),
(347, 'Cacturne', 332, 70, 115, 60, 115, 60, 55, 'Grass', 'Dark', '332.png', 0),
(348, 'Swablu', 333, 45, 40, 60, 40, 75, 50, 'Normal', 'Flying', '333.png', 0),
(349, 'Altaria', 334, 75, 70, 90, 70, 105, 80, 'Dragon', 'Flying', '334.png', 0),
(350, 'Zangoose', 335, 73, 115, 60, 60, 60, 90, 'Normal', '', '335.png', 0),
(351, 'Seviper', 336, 73, 100, 60, 100, 60, 65, 'Poison', '', '336.png', 0),
(352, 'Lunatone', 337, 90, 55, 65, 95, 85, 70, 'Rock', 'Psychic', '337.png', 0),
(353, 'Solrock', 338, 90, 95, 85, 55, 65, 70, 'Rock', 'Psychic', '338.png', 0),
(354, 'Barboach', 339, 50, 48, 43, 46, 41, 60, 'Water', 'Ground', '339.png', 0),
(355, 'Whiscash', 340, 110, 78, 73, 76, 71, 60, 'Water', 'Ground', '340.png', 0),
(356, 'Corphish', 341, 43, 80, 65, 50, 35, 35, 'Water', '', '341.png', 0),
(357, 'Crawdaunt', 342, 63, 120, 85, 90, 55, 55, 'Water', 'Dark', '342.png', 0),
(358, 'Baltoy', 343, 40, 40, 55, 40, 70, 55, 'Ground', 'Psychic', '343.png', 0),
(359, 'Claydol', 344, 60, 70, 105, 70, 120, 75, 'Ground', 'Psychic', '344.png', 0),
(360, 'Lileep', 345, 66, 41, 77, 61, 87, 23, 'Rock', 'Grass', '345.png', 0),
(361, 'Cradily', 346, 86, 81, 97, 81, 107, 43, 'Rock', 'Grass', '346.png', 0),
(362, 'Anorith', 347, 45, 95, 50, 40, 50, 75, 'Rock', 'Bug', '347.png', 0),
(363, 'Armaldo', 348, 75, 125, 100, 70, 80, 45, 'Rock', 'Bug', '348.png', 0),
(364, 'Feebas', 349, 20, 15, 20, 10, 55, 80, 'Water', '', '349.png', 0),
(365, 'Milotic', 350, 95, 60, 79, 100, 125, 81, 'Water', '', '350.png', 0),
(366, 'Castform', 351, 70, 70, 70, 70, 70, 70, 'Normal', '', '351.png', 0),
(367, 'Kecleon', 352, 60, 90, 70, 60, 120, 40, 'Normal', '', '352.png', 0),
(368, 'Shuppet', 353, 44, 75, 35, 63, 33, 45, 'Ghost', '', '353.png', 0),
(369, 'Banette', 354, 64, 115, 65, 83, 63, 65, 'Ghost', '', '354.png', 0),
(370, 'Duskull', 355, 20, 40, 90, 30, 90, 25, 'Ghost', '', '355.png', 0),
(371, 'Dusclops', 356, 40, 70, 130, 60, 130, 25, 'Ghost', '', '356.png', 0),
(372, 'Tropius', 357, 99, 68, 83, 72, 87, 51, 'Grass', 'Flying', '357.png', 0),
(373, 'Chimecho', 358, 75, 50, 80, 95, 90, 65, 'Psychic', '', '358.png', 0),
(374, 'Absol', 359, 65, 130, 60, 75, 60, 75, 'Dark', '', '359.png', 0),
(375, 'Wynaut', 360, 95, 23, 48, 23, 48, 23, 'Psychic', '', '360.png', 0),
(376, 'Snorunt', 361, 50, 50, 50, 50, 50, 50, 'Ice', '', '361.png', 0),
(377, 'Glalie', 362, 80, 80, 80, 80, 80, 80, 'Ice', '', '362.png', 0),
(378, 'Spheal', 363, 70, 40, 50, 55, 50, 25, 'Ice', 'Water', '363.png', 0),
(379, 'Sealeo', 364, 90, 60, 70, 75, 70, 45, 'Ice', 'Water', '364.png', 0),
(380, 'Walrein', 365, 110, 80, 90, 95, 90, 65, 'Ice', 'Water', '365.png', 0),
(381, 'Clamperl', 366, 35, 64, 85, 74, 55, 32, 'Water', '', '366.png', 0),
(382, 'Huntail', 367, 55, 104, 105, 94, 75, 52, 'Water', '', '367.png', 0),
(383, 'Gorebyss', 368, 55, 84, 105, 114, 75, 52, 'Water', '', '368.png', 0),
(384, 'Relicanth', 369, 100, 90, 130, 45, 65, 55, 'Water', 'Rock', '369.png', 0),
(385, 'Luvdisc', 370, 43, 30, 55, 40, 65, 97, 'Water', '', '370.png', 0),
(386, 'Bagon', 371, 45, 75, 60, 40, 30, 50, 'Dragon', '', '371.png', 0),
(387, 'Shelgon', 372, 65, 95, 100, 60, 50, 50, 'Dragon', '', '372.png', 0),
(388, 'Salamence', 373, 95, 135, 80, 110, 80, 100, 'Dragon', 'Flying', '373.png', 0),
(389, 'Beldum', 374, 40, 55, 80, 35, 60, 30, 'Steel', 'Psychic', '374.png', 0),
(390, 'Metang', 375, 60, 75, 100, 55, 80, 50, 'Steel', 'Psychic', '375.png', 0),
(391, 'Metagross', 376, 80, 135, 130, 95, 90, 70, 'Steel', 'Psychic', '376.png', 0),
(392, 'Regirock', 377, 80, 100, 200, 50, 100, 50, 'Rock', '', '377.png', 0),
(393, 'Regice', 378, 80, 50, 100, 100, 200, 50, 'Ice', '', '378.png', 0),
(394, 'Registeel', 379, 80, 75, 150, 75, 150, 50, 'Steel', '', '379.png', 0),
(395, 'Latias', 380, 80, 80, 90, 110, 130, 110, 'Dragon', 'Psychic', '380.png', 0),
(396, 'Latios', 381, 80, 90, 80, 130, 110, 110, 'Dragon', 'Psychic', '381.png', 0),
(397, 'Kyogre', 382, 100, 100, 90, 150, 140, 90, 'Water', '', '382.png', 0),
(398, 'Groudon', 383, 100, 150, 140, 100, 90, 90, 'Ground', '', '383.png', 0),
(399, 'Rayquaza', 384, 105, 150, 90, 150, 90, 95, 'Dragon', 'Flying', '384.png', 0),
(400, 'Jirachi', 385, 100, 100, 100, 100, 100, 100, 'Steel', 'Psychic', '385.png', 0),
(401, 'Deoxys', 386, 50, 150, 50, 150, 50, 150, 'Psychic', '', '386.png', 0),
(402, 'Turtwig', 387, 55, 68, 64, 45, 55, 31, 'Grass', '', '387.png', 0),
(403, 'Grotle', 388, 75, 89, 85, 55, 65, 36, 'Grass', '', '388.png', 0),
(404, 'Torterra', 389, 95, 109, 105, 75, 85, 56, 'Grass', 'Ground', '389.png', 0),
(405, 'Chimchar', 390, 44, 58, 44, 58, 44, 61, 'Fire', '', '390.png', 0),
(406, 'Monferno', 391, 64, 78, 52, 78, 52, 81, 'Fire', 'Fighting', '391.png', 0),
(407, 'Infernape', 392, 76, 104, 71, 104, 71, 108, 'Fire', 'Fighting', '392.png', 0),
(408, 'Piplup', 393, 53, 51, 53, 61, 56, 40, 'Water', '', '393.png', 0),
(409, 'Prinplup', 394, 64, 66, 68, 81, 76, 50, 'Water', '', '394.png', 0),
(410, 'Empoleon', 395, 84, 86, 88, 111, 101, 60, 'Water', 'Steel', '395.png', 0),
(411, 'Starly', 396, 40, 55, 30, 30, 30, 60, 'Normal', 'Flying', '396.png', 0),
(412, 'Staravia', 397, 55, 75, 50, 40, 40, 80, 'Normal', 'Flying', '397.png', 0),
(413, 'Staraptor', 398, 85, 120, 70, 50, 60, 100, 'Normal', 'Flying', '398.png', 0),
(414, 'Bidoof', 399, 59, 45, 40, 35, 40, 31, 'Normal', '', '399.png', 0),
(415, 'Bibarel', 400, 79, 85, 60, 55, 60, 71, 'Normal', 'Water', '400.png', 0),
(416, 'Kricketot', 401, 37, 25, 41, 25, 41, 25, 'Bug', '', '401.png', 0),
(417, 'Kricketune', 402, 77, 85, 51, 55, 51, 65, 'Bug', '', '402.png', 0),
(418, 'Shinx', 403, 45, 65, 34, 40, 34, 45, 'Electric', '', '403.png', 0),
(419, 'Luxio', 404, 60, 85, 49, 60, 49, 60, 'Electric', '', '404.png', 0),
(420, 'Luxray', 405, 80, 120, 79, 95, 79, 70, 'Electric', '', '405.png', 0),
(421, 'Budew', 406, 40, 30, 35, 50, 70, 55, 'Grass', 'Poison', '406.png', 0),
(422, 'Roserade', 407, 60, 70, 65, 125, 105, 90, 'Grass', 'Poison', '407.png', 0),
(423, 'Cranidos', 408, 67, 125, 40, 30, 30, 58, 'Rock', '', '408.png', 0),
(424, 'Rampardos', 409, 97, 165, 60, 65, 50, 58, 'Rock', '', '409.png', 0),
(425, 'Shieldon', 410, 30, 42, 118, 42, 88, 30, 'Rock', 'Steel', '410.png', 0),
(426, 'Bastiodon', 411, 60, 52, 168, 47, 138, 30, 'Rock', 'Steel', '411.png', 0),
(427, 'Burmy', 412, 40, 29, 45, 29, 45, 36, 'Bug', '', '412.png', 0),
(428, 'Wormadam', 413, 60, 59, 85, 79, 105, 36, 'Bug', 'Grass', '413.png', 0),
(429, 'Mothim', 414, 70, 94, 50, 94, 50, 66, 'Bug', 'Flying', '414.png', 0),
(430, 'Combee', 415, 30, 30, 42, 30, 42, 70, 'Bug', 'Flying', '415.png', 0),
(431, 'Vespiquen', 416, 70, 80, 102, 80, 102, 40, 'Bug', 'Flying', '416.png', 0),
(432, 'Pachirisu', 417, 60, 45, 70, 45, 90, 95, 'Electric', '', '417.png', 0),
(433, 'Buizel', 418, 55, 65, 35, 60, 30, 85, 'Water', '', '418.png', 0),
(434, 'Floatzel', 419, 85, 105, 55, 85, 50, 115, 'Water', '', '419.png', 0),
(435, 'Cherubi', 420, 45, 35, 45, 62, 53, 35, 'Grass', '', '420.png', 0),
(436, 'Cherrim', 421, 70, 60, 70, 87, 78, 85, 'Grass', '', '421.png', 0),
(437, 'Shellos', 422, 76, 48, 48, 57, 62, 34, 'Water', '', '422.png', 0),
(438, 'Gastrodon', 423, 111, 83, 68, 92, 82, 39, 'Water', 'Ground', '423.png', 0),
(439, 'Ambipom', 424, 75, 100, 66, 60, 66, 115, 'Normal', '', '424.png', 0),
(440, 'Drifloon', 425, 90, 50, 34, 60, 44, 70, 'Ghost', 'Flying', '425.png', 0),
(441, 'Drifblim', 426, 150, 80, 44, 90, 54, 80, 'Ghost', 'Flying', '426.png', 0),
(442, 'Buneary', 427, 55, 66, 44, 44, 56, 85, 'Normal', '', '427.png', 0),
(443, 'Lopunny', 428, 65, 76, 84, 54, 96, 105, 'Normal', '', '428.png', 0),
(444, 'Mismagius', 429, 60, 60, 60, 105, 105, 105, 'Ghost', '', '429.png', 0),
(445, 'Honchkrow', 430, 100, 125, 52, 105, 52, 71, 'Dark', 'Flying', '430.png', 0),
(446, 'Glameow', 431, 49, 55, 42, 42, 37, 85, 'Normal', '', '431.png', 0),
(447, 'Purugly', 432, 71, 82, 64, 64, 59, 112, 'Normal', '', '432.png', 0),
(448, 'Chingling', 433, 45, 30, 50, 65, 50, 45, 'Psychic', '', '433.png', 0),
(449, 'Stunky', 434, 63, 63, 47, 41, 41, 74, 'Poison', 'Dark', '434.png', 0),
(450, 'Skuntank', 435, 103, 93, 67, 71, 61, 84, 'Poison', 'Dark', '435.png', 0),
(451, 'Bronzor', 436, 57, 24, 86, 24, 86, 23, 'Steel', 'Psychic', '436.png', 0),
(452, 'Bronzong', 437, 67, 89, 116, 79, 116, 33, 'Steel', 'Psychic', '437.png', 0),
(453, 'Bonsly', 438, 50, 80, 95, 10, 45, 10, 'Rock', '', '438.png', 0),
(454, 'Mime Jr.', 439, 20, 25, 45, 70, 90, 60, 'Psychic', 'Fairy', '439.png', 0),
(455, 'Happiny', 440, 100, 5, 5, 15, 65, 30, 'Normal', '', '440.png', 0),
(456, 'Chatot', 441, 76, 65, 45, 92, 42, 91, 'Normal', 'Flying', '441.png', 0),
(457, 'Spiritomb', 442, 50, 92, 108, 92, 108, 35, 'Ghost', 'Dark', '442.png', 0),
(458, 'Gible', 443, 58, 70, 45, 40, 45, 42, 'Dragon', 'Ground', '443.png', 0),
(459, 'Gabite', 444, 68, 90, 65, 50, 55, 82, 'Dragon', 'Ground', '444.png', 0),
(460, 'Garchomp', 445, 108, 130, 95, 80, 85, 102, 'Dragon', 'Ground', '445.png', 0),
(461, 'Munchlax', 446, 135, 85, 40, 40, 85, 5, 'Normal', '', '446.png', 0),
(462, 'Riolu', 447, 40, 70, 40, 35, 40, 60, 'Fighting', '', '447.png', 0),
(463, 'Lucario', 448, 70, 110, 70, 115, 70, 90, 'Fighting', 'Steel', '448.png', 0),
(464, 'Hippopotas', 449, 68, 72, 78, 38, 42, 32, 'Ground', '', '449.png', 0),
(465, 'Hippowdon', 450, 108, 112, 118, 68, 72, 47, 'Ground', '', '450.png', 0),
(466, 'Skorupi', 451, 40, 50, 90, 30, 55, 65, 'Poison', 'Bug', '451.png', 0),
(467, 'Drapion', 452, 70, 90, 110, 60, 75, 95, 'Poison', 'Dark', '452.png', 0),
(468, 'Croagunk', 453, 48, 61, 40, 61, 40, 50, 'Poison', 'Fighting', '453.png', 0),
(469, 'Toxicroak', 454, 83, 106, 65, 86, 65, 85, 'Poison', 'Fighting', '454.png', 0),
(470, 'Carnivine', 455, 74, 100, 72, 90, 72, 46, 'Grass', '', '455.png', 0),
(471, 'Finneon', 456, 49, 49, 56, 49, 61, 66, 'Water', '', '456.png', 0),
(472, 'Lumineon', 457, 69, 69, 76, 69, 86, 91, 'Water', '', '457.png', 0),
(473, 'Mantyke', 458, 45, 20, 50, 60, 120, 50, 'Water', 'Flying', '458.png', 0),
(474, 'Snover', 459, 60, 62, 50, 62, 60, 40, 'Grass', 'Ice', '459.png', 0),
(475, 'Abomasnow', 460, 90, 92, 75, 92, 85, 60, 'Grass', 'Ice', '460.png', 0),
(476, 'Weavile', 461, 70, 120, 65, 45, 85, 125, 'Dark', 'Ice', '461.png', 0),
(477, 'Magnezone', 462, 70, 70, 115, 130, 90, 60, 'Electric', 'Steel', '462.png', 0),
(478, 'Lickilicky', 463, 110, 85, 95, 80, 95, 50, 'Normal', '', '463.png', 0),
(479, 'Rhyperior', 464, 115, 140, 130, 55, 55, 40, 'Ground', 'Rock', '464.png', 0),
(480, 'Tangrowth', 465, 100, 100, 125, 110, 50, 50, 'Grass', '', '465.png', 0),
(481, 'Electivire', 466, 75, 123, 67, 95, 85, 95, 'Electric', '', '466.png', 0),
(482, 'Magmortar', 467, 75, 95, 67, 125, 95, 83, 'Fire', '', '467.png', 0),
(483, 'Togekiss', 468, 85, 50, 95, 120, 115, 80, 'Fairy', 'Flying', '468.png', 0),
(484, 'Yanmega', 469, 86, 76, 86, 116, 56, 95, 'Bug', 'Flying', '469.png', 0),
(485, 'Leafeon', 470, 65, 110, 130, 60, 65, 95, 'Grass', '', '470.png', 0),
(486, 'Glaceon', 471, 65, 60, 110, 130, 95, 65, 'Ice', '', '471.png', 0),
(487, 'Gliscor', 472, 75, 95, 125, 45, 75, 95, 'Ground', 'Flying', '472.png', 0),
(488, 'Mamoswine', 473, 110, 130, 80, 70, 60, 80, 'Ice', 'Ground', '473.png', 0),
(489, 'Porygon-Z', 474, 85, 80, 70, 135, 75, 90, 'Normal', '', '474.png', 0),
(490, 'Gallade', 475, 68, 125, 65, 65, 115, 80, 'Psychic', 'Fighting', '475.png', 0),
(491, 'Probopass', 476, 60, 55, 145, 75, 150, 40, 'Rock', 'Steel', '476.png', 0),
(492, 'Dusknoir', 477, 45, 100, 135, 65, 135, 45, 'Ghost', '', '477.png', 0),
(493, 'Froslass', 478, 70, 80, 70, 80, 70, 110, 'Ice', 'Ghost', '478.png', 0),
(494, 'Rotom', 479, 50, 50, 77, 95, 77, 91, 'Electric', 'Ghost', '479.png', 0),
(495, 'Uxie', 480, 75, 75, 130, 75, 130, 95, 'Psychic', '', '480.png', 0),
(496, 'Mesprit', 481, 80, 105, 105, 105, 105, 80, 'Psychic', '', '481.png', 0),
(497, 'Azelf', 482, 75, 125, 70, 125, 70, 115, 'Psychic', '', '482.png', 0),
(498, 'Dialga', 483, 100, 120, 120, 150, 100, 90, 'Steel', 'Dragon', '483.png', 0),
(499, 'Palkia', 484, 90, 120, 100, 150, 120, 100, 'Water', 'Dragon', '484.png', 0),
(500, 'Heatran', 485, 91, 90, 106, 130, 106, 77, 'Fire', 'Steel', '485.png', 0),
(501, 'Regigigas', 486, 110, 160, 110, 80, 110, 100, 'Normal', '', '486.png', 0),
(502, 'Giratina', 487, 150, 100, 120, 100, 120, 90, 'Ghost', 'Dragon', '487.png', 0),
(503, 'Cresselia', 488, 120, 70, 120, 75, 130, 85, 'Psychic', '', '488.png', 0),
(504, 'Phione', 489, 80, 80, 80, 80, 80, 80, 'Water', '', '489.png', 0),
(505, 'Manaphy', 490, 100, 100, 100, 100, 100, 100, 'Water', '', '490.png', 0),
(506, 'Darkrai', 491, 70, 90, 90, 135, 90, 125, 'Dark', '', '491.png', 0),
(507, 'Shaymin', 492, 100, 100, 100, 100, 100, 100, 'Grass', '', '492.png', 0),
(508, 'Arceus', 493, 120, 120, 120, 120, 120, 120, 'Normal', '', '493.png', 0),
(509, 'Victini', 494, 100, 100, 100, 100, 100, 100, 'Psychic', 'Fire', '494.png', 0),
(510, 'Snivy', 495, 45, 45, 55, 45, 55, 63, 'Grass', '', '495.png', 0),
(511, 'Servine', 496, 60, 60, 75, 60, 75, 83, 'Grass', '', '496.png', 0),
(512, 'Serperior', 497, 75, 75, 95, 75, 95, 113, 'Grass', '', '497.png', 0),
(513, 'Tepig', 498, 65, 63, 45, 45, 45, 45, 'Fire', '', '498.png', 0),
(514, 'Pignite', 499, 90, 93, 55, 70, 55, 55, 'Fire', 'Fighting', '499.png', 0),
(515, 'Emboar', 500, 110, 123, 65, 100, 65, 65, 'Fire', 'Fighting', '500.png', 0),
(516, 'Oshawott', 501, 55, 55, 45, 63, 45, 45, 'Water', '', '501.png', 0),
(517, 'Dewott', 502, 75, 75, 60, 83, 60, 60, 'Water', '', '502.png', 0),
(518, 'Samurott', 503, 95, 100, 85, 108, 70, 70, 'Water', '', '503.png', 0),
(519, 'Patrat', 504, 45, 55, 39, 35, 39, 42, 'Normal', '', '504.png', 0),
(520, 'Watchog', 505, 60, 85, 69, 60, 69, 77, 'Normal', '', '505.png', 0),
(521, 'Lillipup', 506, 45, 60, 45, 25, 45, 55, 'Normal', '', '506.png', 0),
(522, 'Herdier', 507, 65, 80, 65, 35, 65, 60, 'Normal', '', '507.png', 0),
(523, 'Stoutland', 508, 85, 110, 90, 45, 90, 80, 'Normal', '', '508.png', 0),
(524, 'Purrloin', 509, 41, 50, 37, 50, 37, 66, 'Dark', '', '509.png', 0),
(525, 'Liepard', 510, 64, 88, 50, 88, 50, 106, 'Dark', '', '510.png', 0),
(526, 'Pansage', 511, 50, 53, 48, 53, 48, 64, 'Grass', '', '511.png', 0),
(527, 'Simisage', 512, 75, 98, 63, 98, 63, 101, 'Grass', '', '512.png', 0),
(528, 'Pansear', 513, 50, 53, 48, 53, 48, 64, 'Fire', '', '513.png', 0),
(529, 'Simisear', 514, 75, 98, 63, 98, 63, 101, 'Fire', '', '514.png', 0),
(530, 'Panpour', 515, 50, 53, 48, 53, 48, 64, 'Water', '', '515.png', 0),
(531, 'Simipour', 516, 75, 98, 63, 98, 63, 101, 'Water', '', '516.png', 0),
(532, 'Munna', 517, 76, 25, 45, 67, 55, 24, 'Psychic', '', '517.png', 0),
(533, 'Musharna', 518, 116, 55, 85, 107, 95, 29, 'Psychic', '', '518.png', 0),
(534, 'Pidove', 519, 50, 55, 50, 36, 30, 43, 'Normal', 'Flying', '519.png', 0),
(535, 'Tranquill', 520, 62, 77, 62, 50, 42, 65, 'Normal', 'Flying', '520.png', 0),
(536, 'Unfezant', 521, 80, 115, 80, 65, 55, 93, 'Normal', 'Flying', '521.png', 0),
(537, 'Blitzle', 522, 45, 60, 32, 50, 32, 76, 'Electric', '', '522.png', 0),
(538, 'Zebstrika', 523, 75, 100, 63, 80, 63, 116, 'Electric', '', '523.png', 0),
(539, 'Roggenrola', 524, 55, 75, 85, 25, 25, 15, 'Rock', '', '524.png', 0),
(540, 'Boldore', 525, 70, 105, 105, 50, 40, 20, 'Rock', '', '525.png', 0),
(541, 'Gigalith', 526, 85, 135, 130, 60, 80, 25, 'Rock', '', '526.png', 0),
(542, 'Woobat', 527, 65, 45, 43, 55, 43, 72, 'Psychic', 'Flying', '527.png', 0),
(543, 'Swoobat', 528, 67, 57, 55, 77, 55, 114, 'Psychic', 'Flying', '528.png', 0),
(544, 'Drilbur', 529, 60, 85, 40, 30, 45, 68, 'Ground', '', '529.png', 0),
(545, 'Excadrill', 530, 110, 135, 60, 50, 65, 88, 'Ground', 'Steel', '530.png', 0),
(546, 'Audino', 531, 103, 60, 86, 60, 86, 50, 'Normal', '', '531.png', 0),
(547, 'Timburr', 532, 75, 80, 55, 25, 35, 35, 'Fighting', '', '532.png', 0),
(548, 'Gurdurr', 533, 85, 105, 85, 40, 50, 40, 'Fighting', '', '533.png', 0),
(549, 'Conkeldurr', 534, 105, 140, 95, 55, 65, 45, 'Fighting', '', '534.png', 0),
(550, 'Tympole', 535, 50, 50, 40, 50, 40, 64, 'Water', '', '535.png', 0),
(551, 'Palpitoad', 536, 75, 65, 55, 65, 55, 69, 'Water', 'Ground', '536.png', 0),
(552, 'Seismitoad', 537, 105, 95, 75, 85, 75, 74, 'Water', 'Ground', '537.png', 0),
(553, 'Throh', 538, 120, 100, 85, 30, 85, 45, 'Fighting', '', '538.png', 0),
(554, 'Sawk', 539, 75, 125, 75, 30, 75, 85, 'Fighting', '', '539.png', 0),
(555, 'Sewaddle', 540, 45, 53, 70, 40, 60, 42, 'Bug', 'Grass', '540.png', 0),
(556, 'Swadloon', 541, 55, 63, 90, 50, 80, 42, 'Bug', 'Grass', '541.png', 0),
(557, 'Leavanny', 542, 75, 103, 80, 70, 80, 92, 'Bug', 'Grass', '542.png', 0),
(558, 'Venipede', 543, 30, 45, 59, 30, 39, 57, 'Bug', 'Poison', '543.png', 0),
(559, 'Whirlipede', 544, 40, 55, 99, 40, 79, 47, 'Bug', 'Poison', '544.png', 0),
(560, 'Scolipede', 545, 60, 100, 89, 55, 69, 112, 'Bug', 'Poison', '545.png', 0),
(561, 'Cottonee', 546, 40, 27, 60, 37, 50, 66, 'Grass', 'Fairy', '546.png', 0),
(562, 'Whimsicott', 547, 60, 67, 85, 77, 75, 116, 'Grass', 'Fairy', '547.png', 0),
(563, 'Petilil', 548, 45, 35, 50, 70, 50, 30, 'Grass', '', '548.png', 0),
(564, 'Lilligant', 549, 70, 60, 75, 110, 75, 90, 'Grass', '', '549.png', 0),
(565, 'Basculin', 550, 70, 92, 65, 80, 55, 98, 'Water', '', '550.png', 0),
(566, 'Sandile', 551, 50, 72, 35, 35, 35, 65, 'Ground', 'Dark', '551.png', 0),
(567, 'Krokorok', 552, 60, 82, 45, 45, 45, 74, 'Ground', 'Dark', '552.png', 0),
(568, 'Krookodile', 553, 95, 117, 80, 65, 70, 92, 'Ground', 'Dark', '553.png', 0),
(569, 'Darumaka', 554, 70, 90, 45, 15, 45, 50, 'Fire', '', '554.png', 0),
(570, 'Darmanitan', 555, 105, 140, 55, 30, 55, 95, 'Fire', '', '555.png', 0),
(571, 'Maractus', 556, 75, 86, 67, 106, 67, 60, 'Grass', '', '556.png', 0),
(572, 'Dwebble', 557, 50, 65, 85, 35, 35, 55, 'Bug', 'Rock', '557.png', 0),
(573, 'Crustle', 558, 70, 105, 125, 65, 75, 45, 'Bug', 'Rock', '558.png', 0),
(574, 'Scraggy', 559, 50, 75, 70, 35, 70, 48, 'Dark', 'Fighting', '559.png', 0),
(575, 'Scrafty', 560, 65, 90, 115, 45, 115, 58, 'Dark', 'Fighting', '560.png', 0),
(576, 'Sigilyph', 561, 72, 58, 80, 103, 80, 97, 'Psychic', 'Flying', '561.png', 0),
(577, 'Yamask', 562, 38, 30, 85, 55, 65, 30, 'Ghost', '', '562.png', 0),
(578, 'Cofagrigus', 563, 58, 50, 145, 95, 105, 30, 'Ghost', '', '563.png', 0),
(579, 'Tirtouga', 564, 54, 78, 103, 53, 45, 22, 'Water', 'Rock', '564.png', 0),
(580, 'Carracosta', 565, 74, 108, 133, 83, 65, 32, 'Water', 'Rock', '565.png', 0),
(581, 'Archen', 566, 55, 112, 45, 74, 45, 70, 'Rock', 'Flying', '566.png', 0),
(582, 'Archeops', 567, 75, 140, 65, 112, 65, 110, 'Rock', 'Flying', '567.png', 0),
(583, 'Trubbish', 568, 50, 50, 62, 40, 62, 65, 'Poison', '', '568.png', 0),
(584, 'Garbodor', 569, 80, 95, 82, 60, 82, 75, 'Poison', '', '569.png', 0),
(585, 'Zorua', 570, 40, 65, 40, 80, 40, 65, 'Dark', '', '570.png', 0),
(586, 'Zoroark', 571, 60, 105, 60, 120, 60, 105, 'Dark', '', '571.png', 0),
(587, 'Minccino', 572, 55, 50, 40, 40, 40, 75, 'Normal', '', '572.png', 0),
(588, 'Cinccino', 573, 75, 95, 60, 65, 60, 115, 'Normal', '', '573.png', 0),
(589, 'Gothita', 574, 45, 30, 50, 55, 65, 45, 'Psychic', '', '574.png', 0),
(590, 'Gothorita', 575, 60, 45, 70, 75, 85, 55, 'Psychic', '', '575.png', 0),
(591, 'Gothitelle', 576, 70, 55, 95, 95, 110, 65, 'Psychic', '', '576.png', 0),
(592, 'Solosis', 577, 45, 30, 40, 105, 50, 20, 'Psychic', '', '577.png', 0),
(593, 'Duosion', 578, 65, 40, 50, 125, 60, 30, 'Psychic', '', '578.png', 0),
(594, 'Reuniclus', 579, 110, 65, 75, 125, 85, 30, 'Psychic', '', '579.png', 0),
(595, 'Ducklett', 580, 62, 44, 50, 44, 50, 55, 'Water', 'Flying', '580.png', 0),
(596, 'Swanna', 581, 75, 87, 63, 87, 63, 98, 'Water', 'Flying', '581.png', 0),
(597, 'Vanillite', 582, 36, 50, 50, 65, 60, 44, 'Ice', '', '582.png', 0),
(598, 'Vanillish', 583, 51, 65, 65, 80, 75, 59, 'Ice', '', '583.png', 0),
(599, 'Vanilluxe', 584, 71, 95, 85, 110, 95, 79, 'Ice', '', '584.png', 0),
(600, 'Deerling', 585, 60, 60, 50, 40, 50, 75, 'Normal', 'Grass', '585.png', 0),
(601, 'Sawsbuck', 586, 80, 100, 70, 60, 70, 95, 'Normal', 'Grass', '586.png', 0),
(602, 'Emolga', 587, 55, 75, 60, 75, 60, 103, 'Electric', 'Flying', '587.png', 0),
(603, 'Karrablast', 588, 50, 75, 45, 40, 45, 60, 'Bug', '', '588.png', 0),
(604, 'Escavalier', 589, 70, 135, 105, 60, 105, 20, 'Bug', 'Steel', '589.png', 0),
(605, 'Foongus', 590, 69, 55, 45, 55, 55, 15, 'Grass', 'Poison', '590.png', 0),
(606, 'Amoonguss', 591, 114, 85, 70, 85, 80, 30, 'Grass', 'Poison', '591.png', 0),
(607, 'Frillish', 592, 55, 40, 50, 65, 85, 40, 'Water', 'Ghost', '592.png', 0),
(608, 'Jellicent', 593, 100, 60, 70, 85, 105, 60, 'Water', 'Ghost', '593.png', 0),
(609, 'Alomomola', 594, 165, 75, 80, 40, 45, 65, 'Water', '', '594.png', 0),
(610, 'Joltik', 595, 50, 47, 50, 57, 50, 65, 'Bug', 'Electric', '595.png', 0),
(611, 'Galvantula', 596, 70, 77, 60, 97, 60, 108, 'Bug', 'Electric', '596.png', 0),
(612, 'Ferroseed', 597, 44, 50, 91, 24, 86, 10, 'Grass', 'Steel', '597.png', 0),
(613, 'Ferrothorn', 598, 74, 94, 131, 54, 116, 20, 'Grass', 'Steel', '598.png', 0),
(614, 'Klink', 599, 40, 55, 70, 45, 60, 30, 'Steel', '', '599.png', 0),
(615, 'Klang', 600, 60, 80, 95, 70, 85, 50, 'Steel', '', '600.png', 0),
(616, 'Klinklang', 601, 60, 100, 115, 70, 85, 90, 'Steel', '', '601.png', 0),
(617, 'Tynamo', 602, 35, 55, 40, 45, 40, 60, 'Electric', '', '602.png', 0),
(618, 'Eelektrik', 603, 65, 85, 70, 75, 70, 40, 'Electric', '', '603.png', 0),
(619, 'Eelektross', 604, 85, 115, 80, 105, 80, 50, 'Electric', '', '604.png', 0),
(620, 'Elgyem', 605, 55, 55, 55, 85, 55, 30, 'Psychic', '', '605.png', 0),
(621, 'Beheeyem', 606, 75, 75, 75, 125, 95, 40, 'Psychic', '', '606.png', 0),
(622, 'Litwick', 607, 50, 30, 55, 65, 55, 20, 'Ghost', 'Fire', '607.png', 0),
(623, 'Lampent', 608, 60, 40, 60, 95, 60, 55, 'Ghost', 'Fire', '608.png', 0),
(624, 'Chandelure', 609, 60, 55, 90, 145, 90, 80, 'Ghost', 'Fire', '609.png', 0),
(625, 'Axew', 610, 46, 87, 60, 30, 40, 57, 'Dragon', '', '610.png', 0),
(626, 'Fraxure', 611, 66, 117, 70, 40, 50, 67, 'Dragon', '', '611.png', 0),
(627, 'Haxorus', 612, 76, 147, 90, 60, 70, 97, 'Dragon', '', '612.png', 0),
(628, 'Cubchoo', 613, 55, 70, 40, 60, 40, 40, 'Ice', '', '613.png', 0),
(629, 'Beartic', 614, 95, 130, 80, 70, 80, 50, 'Ice', '', '614.png', 0),
(630, 'Cryogonal', 615, 80, 50, 50, 95, 135, 105, 'Ice', '', '615.png', 0),
(631, 'Shelmet', 616, 50, 40, 85, 40, 65, 25, 'Bug', '', '616.png', 0),
(632, 'Accelgor', 617, 80, 70, 40, 100, 60, 145, 'Bug', '', '617.png', 0),
(633, 'Stunfisk', 618, 109, 66, 84, 81, 99, 32, 'Ground', 'Electric', '618.png', 0),
(634, 'Mienfoo', 619, 45, 85, 50, 55, 50, 65, 'Fighting', '', '619.png', 0),
(635, 'Mienshao', 620, 65, 125, 60, 95, 60, 105, 'Fighting', '', '620.png', 0),
(636, 'Druddigon', 621, 77, 120, 90, 60, 90, 48, 'Dragon', '', '621.png', 0),
(637, 'Golett', 622, 59, 74, 50, 35, 50, 35, 'Ground', 'Ghost', '622.png', 0),
(638, 'Golurk', 623, 89, 124, 80, 55, 80, 55, 'Ground', 'Ghost', '623.png', 0),
(639, 'Pawniard', 624, 45, 85, 70, 40, 40, 60, 'Dark', 'Steel', '624.png', 0),
(640, 'Bisharp', 625, 65, 125, 100, 60, 70, 70, 'Dark', 'Steel', '625.png', 0),
(641, 'Bouffalant', 626, 95, 110, 95, 40, 95, 55, 'Normal', '', '626.png', 0),
(642, 'Rufflet', 627, 70, 83, 50, 37, 50, 60, 'Normal', 'Flying', '627.png', 0),
(643, 'Braviary', 628, 100, 123, 75, 57, 75, 80, 'Normal', 'Flying', '628.png', 0),
(644, 'Vullaby', 629, 70, 55, 75, 45, 65, 60, 'Dark', 'Flying', '629.png', 0),
(645, 'Mandibuzz', 630, 110, 65, 105, 55, 95, 80, 'Dark', 'Flying', '630.png', 0),
(646, 'Heatmor', 631, 85, 97, 66, 105, 66, 65, 'Fire', '', '631.png', 0),
(647, 'Durant', 632, 58, 109, 112, 48, 48, 109, 'Bug', 'Steel', '632.png', 0),
(648, 'Deino', 633, 52, 65, 50, 45, 50, 38, 'Dark', 'Dragon', '633.png', 0),
(649, 'Zweilous', 634, 72, 85, 70, 65, 70, 58, 'Dark', 'Dragon', '634.png', 0),
(650, 'Hydreigon', 635, 92, 105, 90, 125, 90, 98, 'Dark', 'Dragon', '635.png', 0),
(651, 'Larvesta', 636, 55, 85, 55, 50, 55, 60, 'Bug', 'Fire', '636.png', 0),
(652, 'Volcarona', 637, 85, 60, 65, 135, 105, 100, 'Bug', 'Fire', '637.png', 0),
(653, 'Cobalion', 638, 91, 90, 129, 90, 72, 108, 'Steel', 'Fighting', '638.png', 0),
(654, 'Terrakion', 639, 91, 129, 90, 72, 90, 108, 'Rock', 'Fighting', '639.png', 0),
(655, 'Virizion', 640, 91, 90, 72, 90, 129, 108, 'Grass', 'Fighting', '640.png', 0);
INSERT INTO `Pokemon` (`PokemonID`, `PokemonName`, `DexNumber`, `BaseHP`, `BaseAtk`, `BaseDef`, `BaseSpA`, `BaseSpD`, `BaseSpe`, `Type1`, `Type2`, `ImagePath`, `EvolutionID`) VALUES
(656, 'Tornadus', 641, 79, 115, 70, 125, 80, 111, 'Flying', '', '641.png', 0),
(657, 'Thundurus', 642, 79, 115, 70, 125, 80, 111, 'Electric', 'Flying', '642.png', 0),
(658, 'Reshiram', 643, 100, 120, 100, 150, 120, 90, 'Dragon', 'Fire', '643.png', 0),
(659, 'Zekrom ', 644, 100, 150, 120, 120, 100, 90, 'Dragon', 'Electric', '644.png', 0),
(660, 'Landorus', 645, 89, 125, 90, 115, 80, 101, 'Ground', 'Flying', '645.png', 0),
(661, 'Kyurem', 646, 125, 130, 90, 130, 90, 95, 'Dragon', 'Ice', '646.png', 0),
(662, 'Keldeo', 647, 91, 72, 90, 129, 90, 108, 'Water', 'Fighting', '647.png', 0),
(663, 'Meloetta', 648, 100, 77, 77, 128, 128, 90, 'Normal', 'Psychic', '648.png', 0),
(664, 'Genesect', 649, 71, 120, 95, 120, 95, 99, 'Bug', 'Steel', '649.png', 0),
(665, 'Chespin', 650, 56, 61, 65, 48, 45, 38, 'Grass', '', '650.png', 0),
(666, 'Quilladin', 651, 61, 78, 95, 56, 58, 57, 'Grass', '', '651.png', 0),
(667, 'Chesnaught', 652, 88, 107, 122, 74, 75, 64, 'Grass', 'Fighting', '652.png', 0),
(668, 'Fennekin', 653, 40, 45, 40, 62, 60, 60, 'Fire', '', '653.png', 0),
(669, 'Braixen', 654, 59, 59, 58, 90, 70, 73, 'Fire', '', '654.png', 0),
(670, 'Delphox', 655, 75, 69, 72, 114, 100, 104, 'Fire', 'Psychic', '655.png', 0),
(671, 'Froakie', 656, 41, 56, 40, 62, 44, 71, 'Water', '', '656.png', 0),
(672, 'Frogadier', 657, 54, 63, 52, 83, 56, 97, 'Water', '', '657.png', 0),
(673, 'Greninja', 658, 72, 95, 67, 103, 71, 122, 'Water', 'Dark', '658.png', 0),
(674, 'Bunnelby', 659, 38, 36, 38, 32, 36, 57, 'Normal', '', '659.png', 0),
(675, 'Diggersby', 660, 85, 56, 77, 50, 77, 78, 'Normal', 'Ground', '660.png', 0),
(676, 'Fletchling', 661, 45, 50, 43, 40, 38, 62, 'Normal', 'Flying', '661.png', 0),
(677, 'Fletchinder', 662, 62, 73, 55, 56, 52, 84, 'Fire', 'Flying', '662.png', 0),
(678, 'Talonflame', 663, 78, 81, 71, 74, 69, 126, 'Fire', 'Flying', '663.png', 0),
(679, 'Scatterbug', 664, 38, 35, 40, 27, 25, 35, 'Bug', '', '664.png', 0),
(680, 'Spewpa', 665, 45, 22, 60, 27, 30, 29, 'Bug', '', '665.png', 0),
(681, 'Vivillon', 666, 80, 52, 50, 90, 50, 89, 'Bug', 'Flying', '666.png', 0),
(682, 'Litleo', 667, 62, 50, 58, 73, 54, 72, 'Fire', 'Normal', '667.png', 0),
(683, 'Pyroar', 668, 86, 68, 72, 109, 66, 106, 'Fire', 'Normal', '668.png', 0),
(684, 'Flabébé', 669, 44, 38, 39, 61, 79, 42, 'Fairy', '', '669.png', 0),
(685, 'Floette', 670, 54, 45, 47, 75, 98, 52, 'Fairy', '', '670.png', 0),
(686, 'Florges', 671, 78, 65, 68, 112, 154, 75, 'Fairy', '', '671.png', 0),
(687, 'Skiddo', 672, 66, 65, 48, 62, 57, 52, 'Grass', '', '672.png', 0),
(688, 'Gogoat', 673, 123, 100, 62, 97, 81, 68, 'Grass', '', '673.png', 0),
(689, 'Pancham', 674, 67, 82, 62, 46, 48, 43, 'Fighting', '', '674.png', 0),
(690, 'Pangoro', 675, 95, 124, 78, 69, 71, 58, 'Fighting', 'Dark', '675.png', 0),
(691, 'Furfrou', 676, 75, 80, 60, 65, 90, 102, 'Normal', '', '676.png', 0),
(692, 'Espurr', 677, 62, 48, 54, 63, 60, 68, 'Psychic', '', '677.png', 0),
(693, 'Meowstic', 678, 74, 48, 76, 83, 81, 104, 'Psychic', '', '678.png', 0),
(694, 'Honedge', 679, 45, 80, 100, 35, 37, 28, 'Steel', 'Ghost', '679.png', 0),
(695, 'Doublade', 680, 59, 110, 150, 45, 49, 35, 'Steel', 'Ghost', '680.png', 0),
(696, 'Aegislash', 681, 60, 50, 150, 50, 150, 60, 'Steel', 'Ghost', '681.png', 0),
(697, 'Spritzee', 682, 78, 52, 60, 63, 65, 23, 'Fairy', '', '682.png', 0),
(698, 'Aromatisse', 683, 101, 72, 72, 99, 89, 29, 'Fairy', '', '683.png', 0),
(699, 'Swirlix', 684, 62, 48, 66, 59, 57, 49, 'Fairy', '', '684.png', 0),
(700, 'Slurpuff', 685, 82, 80, 86, 85, 75, 72, 'Fairy', '', '685.png', 0),
(701, 'Inkay', 686, 53, 54, 53, 37, 46, 45, 'Dark', 'Psychic', '686.png', 0),
(702, 'Malamar', 687, 86, 92, 88, 68, 75, 73, 'Dark', 'Psychic', '687.png', 0),
(703, 'Binacle', 688, 42, 52, 67, 39, 56, 50, 'Rock', 'Water', '688.png', 0),
(704, 'Barbaracle', 689, 72, 105, 115, 54, 86, 68, 'Rock', 'Water', '689.png', 0),
(705, 'Skrelp', 690, 50, 60, 60, 60, 60, 30, 'Poison', 'Water', '690.png', 0),
(706, 'Dragalge', 691, 65, 75, 90, 97, 123, 44, 'Poison', 'Dragon', '691.png', 0),
(707, 'Clauncher', 692, 50, 53, 62, 58, 63, 44, 'Water', '', '692.png', 0),
(708, 'Clawitzer', 693, 71, 73, 88, 120, 89, 59, 'Water', '', '693.png', 0),
(709, 'Helioptile', 694, 44, 38, 33, 61, 43, 70, 'Electric', 'Normal', '694.png', 0),
(710, 'Heliolisk', 695, 62, 55, 52, 109, 94, 109, 'Electric', 'Normal', '695.png', 0),
(711, 'Tyrunt', 696, 58, 89, 77, 45, 45, 48, 'Rock', 'Dragon', '696.png', 0),
(712, 'Tyrantrum', 697, 82, 121, 119, 69, 59, 71, 'Rock', 'Dragon', '697.png', 0),
(713, 'Amaura', 698, 77, 59, 50, 67, 63, 46, 'Rock', 'Ice', '698.png', 0),
(714, 'Aurorus', 699, 123, 77, 72, 99, 92, 58, 'Rock', 'Ice', '699.png', 0),
(715, 'Sylveon', 700, 95, 65, 65, 110, 130, 60, 'Fairy', '', '700.png', 0),
(716, 'Hawlucha', 701, 78, 92, 75, 74, 63, 118, 'Fighting', 'Flying', '701.png', 0),
(717, 'Dedenne', 702, 67, 58, 57, 81, 67, 101, 'Electric', 'Fairy', '702.png', 0),
(718, 'Carbink', 703, 50, 50, 150, 50, 150, 50, 'Rock', 'Fairy', '703.png', 0),
(719, 'Goomy', 704, 45, 50, 35, 55, 75, 40, 'Dragon', '', '704.png', 0),
(720, 'Sliggoo', 705, 68, 75, 53, 83, 113, 60, 'Dragon', '', '705.png', 0),
(721, 'Goodra', 706, 90, 100, 70, 110, 150, 80, 'Dragon', '', '706.png', 0),
(722, 'Klefki', 707, 57, 80, 91, 80, 87, 75, 'Steel', 'Fairy', '707.png', 0),
(723, 'Phantump', 708, 43, 70, 48, 50, 60, 38, 'Ghost', 'Grass', '708.png', 0),
(724, 'Trevenant', 709, 85, 110, 76, 65, 82, 56, 'Ghost', 'Grass', '709.png', 0),
(725, 'Pumpkaboo', 710, 59, 66, 70, 44, 55, 41, 'Ghost', 'Grass', '710.png', 0),
(726, 'Gourgeist', 711, 85, 100, 122, 58, 75, 54, 'Ghost', 'Grass', '711.png', 0),
(727, 'Bergmite', 712, 55, 69, 85, 32, 35, 28, 'Ice', '', '712.png', 0),
(728, 'Avalugg', 713, 95, 117, 184, 44, 46, 28, 'Ice', '', '713.png', 0),
(729, 'Noibat', 714, 40, 30, 35, 45, 40, 55, 'Flying', 'Dragon', '714.png', 0),
(730, 'Noivern', 715, 85, 70, 80, 97, 80, 123, 'Flying', 'Dragon', '715.png', 0),
(731, 'Xerneas', 716, 126, 131, 95, 131, 98, 99, 'Fairy', '', '716.png', 0),
(732, 'Yveltal', 717, 126, 131, 95, 131, 98, 99, 'Dark', 'Flying', '717.png', 0),
(733, 'Zygarde', 718, 108, 100, 121, 81, 95, 95, 'Dragon', 'Ground', '718.png', 0),
(734, 'Diancie', 719, 50, 100, 150, 100, 150, 50, 'Rock', 'Fairy', '719.png', 0),
(735, 'Hoopa', 720, 80, 110, 60, 150, 130, 70, 'Psychic', 'Ghost', '720.png', 0),
(736, 'Volcanion', 721, 80, 110, 120, 130, 90, 70, 'Fire', 'Water', '721.png', 0),
(737, 'Rowlet', 722, 68, 55, 55, 50, 50, 42, 'Grass', 'Flying', '722.png', 0),
(738, 'Dartrix', 723, 78, 75, 75, 70, 70, 52, 'Grass', 'Flying', '723.png', 0),
(739, 'Decidueye', 724, 78, 107, 75, 100, 100, 70, 'Grass', 'Ghost', '724.png', 0),
(740, 'Litten', 725, 45, 65, 40, 60, 40, 70, 'Fire', '', '725.png', 0),
(741, 'Torracat', 726, 65, 85, 50, 80, 50, 90, 'Fire', '', '726.png', 0),
(742, 'Incineroar', 727, 95, 115, 90, 80, 90, 60, 'Fire', 'Dark', '727.png', 0),
(743, 'Popplio', 728, 50, 54, 54, 66, 56, 40, 'Water', '', '728.png', 0),
(744, 'Brionne', 729, 60, 69, 69, 91, 81, 50, 'Water', '', '729.png', 0),
(745, 'Primarina', 730, 80, 74, 74, 126, 116, 60, 'Water', 'Fairy', '730.png', 0),
(746, 'Pikipek', 731, 35, 75, 30, 30, 30, 65, 'Normal', 'Flying', '731.png', 0),
(747, 'Trumbeak', 732, 55, 85, 50, 40, 50, 75, 'Normal', 'Flying', '732.png', 0),
(748, 'Toucannon', 733, 80, 120, 75, 75, 75, 60, 'Normal', 'Flying', '733.png', 0),
(749, 'Yungoos', 734, 48, 70, 30, 30, 30, 45, 'Normal', '', '734.png', 0),
(750, 'Gumshoos', 735, 88, 110, 60, 55, 60, 45, 'Normal', '', '735.png', 0),
(751, 'Grubbin', 736, 47, 62, 45, 55, 45, 46, 'Bug', '', '736.png', 0),
(752, 'Charjabug', 737, 57, 82, 95, 55, 75, 36, 'Bug', 'Electric', '737.png', 0),
(753, 'Vikavolt', 738, 77, 70, 90, 145, 75, 43, 'Bug', 'Electric', '738.png', 0),
(754, 'Crabrawler', 739, 47, 82, 57, 42, 47, 63, 'Fighting', '', '739.png', 0),
(755, 'Crabominable', 740, 97, 132, 77, 62, 67, 43, 'Fighting', 'Ice', '740.png', 0),
(756, 'Oricorio', 741, 75, 70, 70, 98, 70, 93, 'Fire', 'Flying', '741.png', 0),
(757, 'Cutiefly', 742, 40, 45, 40, 55, 40, 84, 'Bug', 'Fairy', '742.png', 0),
(758, 'Ribombee', 743, 60, 55, 60, 95, 70, 124, 'Bug', 'Fairy', '743.png', 0),
(759, 'Rockruff', 744, 45, 65, 40, 30, 40, 60, 'Rock', '', '744.png', 0),
(760, 'Lycanroc', 745, 75, 115, 65, 55, 65, 112, 'Rock', '', '745.png', 0),
(761, 'Wishiwashi', 746, 45, 20, 20, 25, 25, 40, 'Water', '', '746.png', 0),
(762, 'Mareanie', 747, 50, 53, 62, 43, 52, 45, 'Poison', 'Water', '747.png', 0),
(763, 'Toxapex', 748, 50, 63, 152, 53, 142, 35, 'Poison', 'Water', '748.png', 0),
(764, 'Mudbray', 749, 70, 100, 70, 45, 55, 45, 'Ground', '', '749.png', 0),
(765, 'Mudsdale', 750, 100, 125, 100, 55, 85, 35, 'Ground', '', '750.png', 0),
(766, 'Dewpider', 751, 38, 40, 52, 40, 72, 27, 'Water', 'Bug', '751.png', 0),
(767, 'Araquanid', 752, 68, 70, 92, 50, 132, 42, 'Water', 'Bug', '752.png', 0),
(768, 'Fomantis', 753, 40, 55, 35, 50, 35, 35, 'Grass', '', '753.png', 0),
(769, 'Lurantis', 754, 70, 105, 90, 80, 90, 45, 'Grass', '', '754.png', 0),
(770, 'Morelull', 755, 40, 35, 55, 65, 75, 15, 'Grass', 'Fairy', '755.png', 0),
(771, 'Shiinotic', 756, 60, 45, 80, 90, 100, 30, 'Grass', 'Fairy', '756.png', 0),
(772, 'Salandit', 757, 48, 44, 40, 71, 40, 77, 'Poison', 'Fire', '757.png', 0),
(773, 'Salazzle', 758, 68, 64, 60, 111, 60, 117, 'Poison', 'Fire', '758.png', 0),
(774, 'Stufful', 759, 70, 75, 50, 45, 50, 50, 'Normal', 'Fighting', '759.png', 0),
(775, 'Bewear', 760, 120, 125, 80, 55, 60, 60, 'Normal', 'Fighting', '760.png', 0),
(776, 'Bounsweet', 761, 42, 30, 38, 30, 38, 32, 'Grass', '', '761.png', 0),
(777, 'Steenee', 762, 52, 40, 48, 40, 48, 62, 'Grass', '', '762.png', 0),
(778, 'Tsareena', 763, 72, 120, 98, 50, 98, 72, 'Grass', '', '763.png', 0),
(779, 'Comfey', 764, 51, 52, 90, 82, 110, 100, 'Fairy', '', '764.png', 0),
(780, 'Oranguru', 765, 90, 60, 80, 90, 110, 60, 'Normal', 'Psychic', '765.png', 0),
(781, 'Passimian', 766, 100, 120, 90, 40, 60, 80, 'Fighting', '', '766.png', 0),
(782, 'Wimpod', 767, 25, 35, 40, 20, 30, 80, 'Bug', 'Water', '767.png', 0),
(783, 'Golisopod', 768, 75, 125, 140, 60, 90, 40, 'Bug', 'Water', '768.png', 0),
(784, 'Sandygast', 769, 55, 55, 80, 70, 45, 15, 'Ghost', 'Ground', '769.png', 0),
(785, 'Palossand', 770, 85, 75, 110, 100, 75, 35, 'Ghost', 'Ground', '770.png', 0),
(786, 'Pyukumuku', 771, 55, 60, 130, 30, 130, 5, 'Water', '', '771.png', 0),
(787, 'Type: Null', 772, 95, 95, 95, 95, 95, 59, 'Normal', '', '772.png', 0),
(788, 'Silvally', 773, 95, 95, 95, 95, 95, 95, 'Normal', '', '773.png', 0),
(789, 'Minior', 774, 60, 60, 100, 60, 100, 60, 'Rock', 'Flying', '774.png', 0),
(790, 'Komala', 775, 65, 115, 65, 75, 95, 65, 'Normal', '', '775.png', 0),
(791, 'Turtonator', 776, 60, 78, 135, 91, 85, 36, 'Fire', 'Dragon', '776.png', 0),
(792, 'Togedemaru', 777, 65, 98, 63, 40, 73, 96, 'Electric', 'Steel', '777.png', 0),
(793, 'Mimikyu', 778, 55, 90, 80, 50, 105, 96, 'Ghost', 'Fairy', '778.png', 0),
(794, 'Bruxish', 779, 68, 105, 70, 70, 70, 92, 'Water', 'Psychic', '779.png', 0),
(795, 'Drampa', 780, 78, 60, 85, 135, 91, 36, 'Normal', 'Dragon', '780.png', 0),
(796, 'Dhelmise', 781, 70, 131, 100, 86, 90, 40, 'Ghost', 'Grass', '781.png', 0),
(797, 'Jangmo-o', 782, 45, 55, 65, 45, 45, 45, 'Dragon', '', '782.png', 0),
(798, 'Hakamo-o', 783, 55, 75, 90, 65, 70, 65, 'Dragon', 'Fighting', '783.png', 0),
(799, 'Kommo-o', 784, 75, 110, 125, 100, 105, 85, 'Dragon', 'Fighting', '784.png', 0),
(800, 'Tapu Koko', 785, 70, 115, 85, 95, 75, 130, 'Electric', 'Fairy', '785.png', 0),
(801, 'Tapu Lele', 786, 70, 85, 75, 130, 115, 95, 'Psychic', 'Fairy', '786.png', 0),
(802, 'Tapu Bulu', 787, 70, 130, 115, 85, 95, 75, 'Grass', 'Fairy', '787.png', 0),
(803, 'Tapu Fini', 788, 70, 75, 115, 95, 130, 85, 'Water', 'Fairy', '788.png', 0),
(804, 'Cosmog', 789, 43, 29, 31, 29, 31, 37, 'Psychic', '', '789.png', 0),
(805, 'Cosmoem', 790, 43, 29, 131, 29, 131, 37, 'Psychic', '', '790.png', 0),
(806, 'Solgaleo', 791, 137, 137, 107, 113, 89, 97, 'Psychic', 'Steel', '791.png', 0),
(807, 'Lunala', 792, 137, 113, 89, 137, 107, 97, 'Psychic', 'Ghost', '792.png', 0),
(808, 'Nihilego', 793, 109, 53, 47, 127, 131, 103, 'Rock', 'Poison', '793.png', 0),
(809, 'Buzzwole', 794, 107, 139, 139, 53, 53, 79, 'Bug', 'Fighting', '794.png', 0),
(810, 'Pheromosa', 795, 71, 137, 37, 137, 37, 151, 'Bug', 'Fighting', '795.png', 0),
(811, 'Xurkitree', 796, 83, 89, 71, 173, 71, 83, 'Electric', '', '796.png', 0),
(812, 'Celesteela', 797, 97, 101, 103, 107, 101, 61, 'Steel', 'Flying', '797.png', 0),
(813, 'Kartana', 798, 59, 181, 131, 59, 31, 109, 'Grass', 'Steel', '798.png', 0),
(814, 'Guzzlord', 799, 223, 101, 53, 97, 53, 43, 'Dark', 'Dragon', '799.png', 0),
(815, 'Necrozma', 800, 97, 107, 101, 127, 89, 79, 'Psychic', '', '800.png', 0),
(816, 'Magearna', 801, 80, 95, 115, 130, 115, 65, 'Steel', 'Fairy', '801.png', 0),
(817, 'Marshadow', 802, 90, 125, 80, 90, 90, 125, 'Fighting', 'Ghost', '802.png', 0),
(818, 'Poipole', 803, 67, 73, 67, 73, 67, 73, 'Poison', '', '803.png', 0),
(819, 'Naganadel', 804, 73, 73, 73, 127, 73, 121, 'Poison', 'Dragon', '804.png', 0),
(820, 'Stakataka', 805, 61, 131, 211, 53, 101, 13, 'Rock', 'Steel', '805.png', 0),
(821, 'Blacephalon', 806, 53, 127, 53, 151, 79, 107, 'Fire', 'Ghost', '806.png', 0),
(822, 'Zeraora', 807, 88, 112, 75, 102, 80, 143, 'Electric', '', '807.png', 0),
(823, 'Meltan', 808, 46, 65, 65, 55, 35, 34, 'Steel', '', '808.png', 0),
(824, 'Melmetal', 809, 135, 143, 143, 80, 65, 34, 'Steel', '', '809.png', 0);

-- --------------------------------------------------------

--
-- Table structure for table `Tier`
--

CREATE TABLE `Tier` (
  `PokemonID` int(11) DEFAULT NULL,
  `Tier` varchar(255) DEFAULT NULL
) ENGINE=InnoDB DEFAULT CHARSET=latin1;

--
-- Dumping data for table `Tier`
--

INSERT INTO `Tier` (`PokemonID`, `Tier`) VALUES
(1, 'High Tier'),
(2, 'High Tier'),
(3, 'High Tier'),
(4, 'High Tier'),
(5, 'High Tier'),
(6, 'High Tier'),
(7, 'High Tier'),
(8, 'High Tier'),
(9, 'High Tier'),
(10, 'High Tier'),
(11, 'High Tier'),
(12, 'High Tier'),
(13, 'High Tier'),
(14, 'Low Tier'),
(15, 'Low Tier'),
(16, 'Low Tier'),
(17, 'Low Tier'),
(18, 'Low Tier'),
(19, 'Low Tier'),
(20, 'Low Tier'),
(21, 'Low Tier'),
(22, 'Low Tier'),
(23, 'Low Tier'),
(24, 'Low Tier'),
(25, 'Mid Tier'),
(26, 'Mid Tier'),
(27, 'Mid Tier'),
(28, 'Mid Tier'),
(29, 'Low Tier'),
(30, 'Low Tier'),
(31, 'High Tier'),
(32, 'High Tier'),
(33, 'High Tier'),
(34, 'High Tier'),
(35, 'Top Tier'),
(36, 'Top Tier'),
(37, 'Top Tier'),
(38, 'Top Tier'),
(39, 'Top Tier'),
(40, 'Top Tier'),
(41, 'Top Tier'),
(42, 'Mid Tier'),
(43, 'Low Tier'),
(44, 'Low Tier'),
(45, 'Mid Tier'),
(46, 'Mid Tier'),
(47, 'Low Tier'),
(48, 'Low Tier'),
(49, 'Mid Tier'),
(50, 'Mid Tier'),
(51, 'Mid Tier'),
(52, 'Low Tier'),
(53, 'Low Tier'),
(54, 'Low Tier'),
(55, 'Low Tier'),
(56, 'Top Tier'),
(57, 'Top Tier'),
(58, 'Mid Tier'),
(59, 'Mid Tier'),
(60, 'Mid Tier'),
(61, 'Mid Tier'),
(62, 'Mid Tier'),
(63, 'Mid Tier'),
(64, 'Low Tier'),
(65, 'Low Tier'),
(66, 'Mid Tier'),
(67, 'Mid Tier'),
(68, 'Mid Tier'),
(69, 'Top Tier'),
(70, 'Top Tier'),
(71, 'Top Tier'),
(72, 'Top Tier'),
(73, 'Low Tier'),
(74, 'Low Tier'),
(75, 'Low Tier'),
(76, 'Mid Tier'),
(77, 'Mid Tier'),
(78, 'Mid Tier'),
(79, 'High Tier'),
(80, 'High Tier'),
(81, 'Mid Tier'),
(82, 'Mid Tier'),
(83, 'Mid Tier'),
(84, 'Low Tier'),
(85, 'Low Tier'),
(86, 'Mid Tier'),
(87, 'Mid Tier'),
(88, 'Mid Tier'),
(89, 'Mid Tier'),
(90, 'Mid Tier'),
(91, 'Low Tier'),
(92, 'High Tier'),
(93, 'High Tier'),
(94, 'High Tier'),
(95, 'High Tier'),
(96, 'Low Tier'),
(97, 'Low Tier'),
(98, 'High Tier'),
(99, 'High Tier'),
(100, 'High Tier'),
(101, 'High Tier'),
(102, 'High Tier'),
(103, 'High Tier'),
(104, 'Low Tier'),
(105, 'Mid Tier'),
(106, 'Mid Tier'),
(107, 'Mid Tier'),
(108, 'Mid Tier'),
(109, 'Mid Tier'),
(110, 'Mid Tier'),
(111, 'Mid Tier'),
(112, 'Mid Tier'),
(113, 'Low Tier'),
(114, 'Low Tier'),
(115, 'Low Tier'),
(116, 'Low Tier'),
(117, 'Low Tier'),
(118, 'Low Tier'),
(119, 'Low Tier'),
(120, 'Low Tier'),
(121, 'Low Tier'),
(122, 'Low Tier'),
(123, 'Low Tier'),
(124, 'Low Tier'),
(125, 'Low Tier'),
(126, 'Mid Tier'),
(127, 'Mid Tier'),
(128, 'Mid Tier'),
(129, 'Mid Tier'),
(130, 'High Tier'),
(131, 'High Tier'),
(132, 'High Tier'),
(133, 'Low Tier'),
(134, 'High Tier'),
(135, 'Mid Tier'),
(136, 'Low Tier'),
(137, 'Low Tier'),
(138, 'Low Tier'),
(139, 'Low Tier'),
(140, 'Mid Tier'),
(141, 'Mid Tier'),
(142, 'Mid Tier'),
(143, 'Low Tier'),
(144, 'Low Tier'),
(145, 'Untiered'),
(146, 'High Tier'),
(147, 'High Tier'),
(148, 'Mid Tier'),
(149, 'Low Tier'),
(150, 'High Tier'),
(151, 'High Tier'),
(152, 'Mid Tier'),
(153, 'Mid Tier'),
(154, 'Low Tier'),
(155, 'Low Tier'),
(156, 'High Tier'),
(157, 'Top Tier'),
(158, 'Top Tier'),
(159, 'Low Tier'),
(160, 'Low Tier'),
(161, 'Low Tier'),
(162, 'Low Tier'),
(163, 'Untiered'),
(164, 'Untiered'),
(165, 'Untiered'),
(166, 'Untiered');

-- --------------------------------------------------------

--
-- Table structure for table `users`
--

CREATE TABLE `users` (
  `id` int(11) NOT NULL,
  `username` varchar(50) NOT NULL,
  `password` varchar(255) NOT NULL,
  'phoneNum' char(10) NOT NULL,
  `created_at` datetime DEFAULT CURRENT_TIMESTAMP
) ENGINE=InnoDB DEFAULT CHARSET=latin1;

--
-- Dumping data for table `users`
--

INSERT INTO `users` (`id`, `username`, `password`,'phoneNum', `created_at`) VALUES
(1, 'ibrahim', '$2y$10$FrNU2JE/J0bfoRsBps9hdO.kKvJ7e15xEB3qriSItfaOli7mh5V8S','2695015405', '2019-11-11 21:24:08'),
(2, 'Sean', '$2y$10$swgxzw53GLm84zHCS1DeV.7TZGcEoGZP5i7Is/R9aZ.1GvLA8OeNO','2485952214', '2019-11-12 17:45:26');

--
-- Indexes for dumped tables
--

--
-- Indexes for table `Evolution`
--
ALTER TABLE `Evolution`
  ADD PRIMARY KEY (`EvolutionID`);

--
-- Indexes for table `Places`
--
ALTER TABLE `Places`
  ADD PRIMARY KEY (`PokemonID`);

--
-- Indexes for table `users`
--
ALTER TABLE `users`
  ADD PRIMARY KEY (`id`),
  ADD UNIQUE KEY `username` (`username`);

--
-- AUTO_INCREMENT for dumped tables
--

--
-- AUTO_INCREMENT for table `users`
--
ALTER TABLE `users`
  MODIFY `id` int(11) NOT NULL AUTO_INCREMENT, AUTO_INCREMENT=3;
COMMIT;

/*!40101 SET CHARACTER_SET_CLIENT=@OLD_CHARACTER_SET_CLIENT */;
/*!40101 SET CHARACTER_SET_RESULTS=@OLD_CHARACTER_SET_RESULTS */;
/*!40101 SET COLLATION_CONNECTION=@OLD_COLLATION_CONNECTION */;
